<?xml version="1.0" encoding="UTF-8" standalone="yes"?>
<addon id="repository.foxystreams" name="FoxyStreams Repo" version="0.0.2" provider-name="ruinernin">
    <extension point="xbmc.addon.repository" name="FoxyStreams">
        <info compressed="false">https://raw.githubusercontent.com/ruinernin/foxystreams/repo/zips/addons.xml</info>
        <checksum>https://raw.githubusercontent.com/ruinernin/foxystreams/repo/zips/addons.xml.md5</checksum>
        <datadir zip="true">https://raw.githubusercontent.com/ruinernin/foxystreams/repo/zips/</datadir>
    </extension>
</addon>
