<?xml version="1.0" encoding="UTF-8"?>
<!-- Foundation -->
<window type="dialog" id="1041">
    <defaultcontrol always="true">9000</defaultcontrol>
    <!-- <onunload>AlarmClock(reloadskin,ReloadSkin(),00:00,silent,false)</onunload> -->
    <controls>
        <include>Global_Overlay</include>
        <control type="group">
            <include content="Dialog_Standard_Group">
                <param name="width" value="1000" />
                <param name="height" value="516" />
            </include>

            <control type="label">
                <description>Header Label</description>
                <label>Choose Widgets</label>
                <include>Dialog_Standard_Header</include>
            </control>

            <control type="grouplist" id="9000">
                <description>Control Area</description>
                <width>900</width>
                <top>100</top>
                <height>600</height>
                <orientation>vertical</orientation>
                <usecontrolcoords>true</usecontrolcoords>
                       <control type="button" id="9001" description="Configure Widget 1">
                            <include>Defs_Settings_Button</include>
                            <label>Set Widget 1</label>
			    <label2>$INFO[Skin.String(tvaurahub-710.label)]</label2>
                            <onclick>RunScript(script.skinshortcuts,type=widgets&amp;showNone=true&amp;skinWidgetName=tvaurahub-710.label&amp;skinWidgetTarget=tvaurahub-710.target&amp;skinWidgetPath=tvaurahub-710.path)</onclick>
                        </control>

                       <control type="button" id="9002" description="Configure Widget 2">
                            <include>Defs_Settings_Button</include>
                            <label>Set Widget 2</label>
                            <label2>$INFO[Skin.String(tvaurahub-720.label)]</label2>
                            <onclick>RunScript(script.skinshortcuts,type=widgets&amp;showNone=true&amp;skinWidgetName=tvaurahub-720.label&amp;skinWidgetTarget=tvaurahub-720.target&amp;skinWidgetPath=tvaurahub-720.path)</onclick>
                        </control>
                       <control type="button" id="9003" description="Configure Widget 3">
                            <include>Defs_Settings_Button</include>
                            <label>Set Widget 3</label>
                            <label2>$INFO[Skin.String(tvaurahub-730.label)]</label2>
                            <onclick>RunScript(script.skinshortcuts,type=widgets&amp;showNone=true&amp;skinWidgetName=tvaurahub-730.label&amp;skinWidgetTarget=tvaurahub-730.target&amp;skinWidgetPath=tvaurahub-730.path)</onclick>
                        </control>
                       <control type="button" id="9007" description="Configure Widget 7">
                            <include>Defs_Settings_Button</include>
                            <label>Set Widget 4</label>
                            <label2>$INFO[Skin.String(tvaurahub-770.label)]</label2>
                            <onclick>RunScript(script.skinshortcuts,type=widgets&amp;showNone=true&amp;skinWidgetName=tvaurahub-770.label&amp;skinWidgetTarget=tvaurahub-770.target&amp;skinWidgetPath=tvaurahub-770.path)</onclick>
                        </control>
           </control>

        </control>
    </controls>
</window>
