<?xml version="1.0" encoding="UTF-8"?>
<!-- Foundation -->
<window type="dialog" id="1119">
    <defaultcontrol always="true">9000</defaultcontrol>
    <controls>
        <include>Global_Overlay</include>
        <control type="group">
            <include content="Dialog_Standard_Group">
                <param name="width" value="820" />
                <param name="height" value="793" />
            </include>

            <control type="label">
                <description>Header Label</description>
                <label>[CAPITALIZE]$LOCALIZE[31407][/CAPITALIZE]</label>
                <include>Dialog_Standard_Header</include>
            </control>

            <control type="grouplist" id="9000">
                <description>Control Area</description>
                <right>20</right>
                <width>780</width>
                <top>100</top>
                <height>672</height>
                <itemgap>10</itemgap>
                <orientation>vertical</orientation>
                <pagecontrol>60</pagecontrol>
                <usecontrolcoords>true</usecontrolcoords>
                <control type="radiobutton" id="9001">
                    <label>$LOCALIZE[206]</label>
                    <radioposx>730</radioposx>
                    <include>Dialog_Standard_ListButton</include>
                    <onclick>Skin.ToggleSetting(VideoInfo.CastList)</onclick>
                    <selected>!Skin.HasSetting(VideoInfo.CastList)</selected>
                </control>
                <control type="radiobutton" id="9002">
                    <label>$LOCALIZE[31400]</label>
                    <radioposx>730</radioposx>
                    <include>Dialog_Standard_ListButton</include>
                    <onclick>Skin.ToggleSetting(VideoInfo.DirectorMovies)</onclick>
                    <selected>!Skin.HasSetting(VideoInfo.DirectorMovies)</selected>
                </control>
                <control type="radiobutton" id="9003">
                    <label>Year</label>
                    <radioposx>730</radioposx>
                    <include>Dialog_Standard_ListButton</include>
                    <onclick>Skin.ToggleSetting(VideoInfo.Year)</onclick>
                    <selected>!Skin.HasSetting(VideoInfo.Year)</selected>
                </control>
                <control type="radiobutton" id="9004">
                    <label>Similar</label>
                    <radioposx>730</radioposx>
                    <include>Dialog_Standard_ListButton</include>
                    <onclick>Skin.ToggleSetting(VideoInfo.Similar)</onclick>
                    <selected>!Skin.HasSetting(VideoInfo.Similar)</selected>
                </control>
                <control type="radiobutton" id="9005">
                    <label>Recommended</label>
                    <radioposx>730</radioposx>
                    <include>Dialog_Standard_ListButton</include>
                    <onclick>Skin.ToggleSetting(VideoInfo.Recommended)</onclick>
                    <selected>!Skin.HasSetting(VideoInfo.Recommended)</selected>
                </control>
                <control type="radiobutton" id="9006">
                    <label>Studio</label>
                    <radioposx>730</radioposx>
                    <include>Dialog_Standard_ListButton</include>
                    <onclick>Skin.ToggleSetting(VideoInfo.Studio)</onclick>
                    <selected>!Skin.HasSetting(VideoInfo.Studio)</selected>
                </control>
                <control type="radiobutton" id="9007">
                    <label>Genre</label>
                    <radioposx>730</radioposx>
                    <include>Dialog_Standard_ListButton</include>
                    <onclick>Skin.ToggleSetting(VideoInfo.Genre)</onclick>
                    <selected>!Skin.HasSetting(VideoInfo.Genre)</selected>
                </control>
                <control type="radiobutton" id="9008">
                    <label>Movie Sets</label>
                    <radioposx>730</radioposx>
                    <include>Dialog_Standard_ListButton</include>
                    <onclick>Skin.ToggleSetting(VideoInfo.Sets)</onclick>
                    <selected>!Skin.HasSetting(VideoInfo.Sets)</selected>
                </control>
                <control type="radiobutton" id="9009">
                    <label>Youtube</label>
                    <radioposx>730</radioposx>
                    <include>Dialog_Standard_ListButton</include>
                    <onclick>Skin.ToggleSetting(VideoInfo.Youtube)</onclick>
                    <selected>!Skin.HasSetting(VideoInfo.Youtube)</selected>
                </control>
            </control>
        </control>
    </controls>
</window>
