<?xml version="1.0" encoding="utf-8"?>
<window type="dialog" id="1122">
	<defaultcontrol always="true">1</defaultcontrol>
	<controls>
		<control type="group">
			<bottom>0</bottom>
			<height>550</height>
			<control type="textbox">
				<right>30</right>
				<top>88</top>
				<height>350</height>
				<align>center</align>
				<aligny>center</aligny>
				<font>font45_title</font>
				<label>$LOCALIZE[19055]</label>
				<visible>!Container(11).IsUpdating + Integer.IsEqual(Container(11).NumItems,0)</visible>
			</control>
			<control type="group">
				<height>410</height>
				<right>30</right>
				<visible>Container(11).IsUpdating + !Integer.IsGreater(Container(11).NumItems,0)</visible>
<!--
				<control type="image">
					<top>180</top>
					<centerleft>50%</centerleft>
					<width>100</width>
					<height>100</height>
					<aspectratio aligny="center">keep</aspectratio>
					<texture colordiffuse="black">dialogs/extendedprogress/loading-back.png</texture>
				</control>
				<control type="image">
					<top>180</top>
					<centerleft>50%</centerleft>
					<width>100</width>
					<height>100</height>
					<aspectratio aligny="center">keep</aspectratio>
					<texture>dialogs/extendedprogress/loading.png</texture>
					<animation effect="rotate" center="auto" start="360" end="0" time="1500" loop="true" condition="true">Conditional</animation>
				</control>
-->
                    <include content="Defs_BusySpinner">
                        <param name="label" value="$LOCALIZE[31138]..." />
                    </include>
			</control>
			<control type="button" id="800">
				<left>-10000</left>
				<width>10</width>
				<height>1</height>
				<onfocus>Action(Close)</onfocus>
				<onfocus>ActivateWindow(videoosd)</onfocus>
				<onfocus>SetFocus(34)</onfocus>
			</control>
			<control type="grouplist" id="9001">
				<orientation>horizontal</orientation>
				<left>440</left>
				<bottom>480</bottom>
				<width>1000</width>
				<height>100</height>
				<align>left</align>
				<orientation>horizontal</orientation>
				<itemgap>-20</itemgap>
				<onup>11</onup>
				<ondown>11</ondown>
				<usecontrolcoords>true</usecontrolcoords>
				<animation effect="slide" end="-430,0" time="0" condition="[Skin.HasSetting(SmallOSDVideo) + Window.IsVisible(fullscreenvideo) + !Window.IsActive(fullscreeninfo)]">Conditional</animation>
				<control type="button" id="1">
					<width>auto</width>
					<height>100</height>
					<textoffsetx>30</textoffsetx>
					<label>$LOCALIZE[15067]</label>
					<font>font25_title</font>
					<onclick>SetFocus(800)</onclick>
					<texturefocus border="40" colordiffuse="$VAR[ColorHighlight]">buttons/button-fo.png</texturefocus>
					<texturenofocus border="40">buttons/button-nofo.png</texturenofocus>
				</control>
			</control>
			<control type="list" id="11">
				<top>60</top>
				<left>425</left>
				<width>1400</width>
				<height>350</height>
				<onup>9001</onup>
				<ondown>SetFocus(800)</ondown>
				<preloaditems>2</preloaditems>
				<orientation>horizontal</orientation>
				<!-- <autoscroll time="3000">!Control.HasFocus(11)</autoscroll> -->
				<scrolltime easing="inout" tween="sine">300</scrolltime>
				<onclick>RunScript(plugin.video.themoviedb.helper,add_path=plugin://plugin.video.themoviedb.helper/?info=details&amp;type=person&amp;query=$INFO[Container(11).ListItem.Label],call_id=1137,prevent_del,delay=0.35)</onclick>
				<itemlayout height="330" width="231">
					<control type="group">
						<left>30</left>
						<control type="image">
							<left>0</left>
							<top>5</top>
							<width>202.4</width>
							<height>301.4</height>
							<aspectratio align="center" aligny="center">scale</aspectratio>
							<texture background="true" fallback="DefaultActorSolid.png">$INFO[ListItem.Icon]</texture>
							<bordertexture colordiffuse="border_alpha">colors/black.png</bordertexture>
							<bordersize>4</bordersize>
						</control>
					</control>
				</itemlayout>
				<focusedlayout height="330" width="231">
					<control type="group">
						<left>30</left>
						<control type="image">
							<left>0</left>
							<top>5</top>
							<width>196</width>
							<height>297</height>
							<aspectratio align="center" aligny="center">scale</aspectratio>
							<texture background="true" fallback="DefaultActorSolid.png">$INFO[ListItem.Icon]</texture>
							<bordertexture colordiffuse="border_alpha">colors/black.png</bordertexture>
							<bordersize>4</bordersize>
							<visible>!Control.HasFocus(11)</visible>
						</control>
						<control type="image">
							<left>-2</left>
							<top>3</top>
							<width>202.4</width>
							<height>301.4</height>
							<aspectratio align="center" aligny="center">scale</aspectratio>
							<texture background="true" fallback="DefaultActorSolid.png">$INFO[ListItem.Icon]</texture>
							<bordertexture colordiffuse="$VAR[ColorHighlight]">common/white.png</bordertexture>
							<bordersize>6</bordersize>
							<visible>Control.HasFocus(11)</visible>
						</control>
					</control>
				</focusedlayout>
				<content target="video">plugin://plugin.video.themoviedb.helper/?info=cast&amp;type=$VAR[osdcasttype]&amp;query=$VAR[osdcast]</content>
			</control>
			<control type="label">
				<include content="ItemLeft" condition="![Skin.HasSetting(SmallOSDVideo) + Window.IsVisible(fullscreenvideo) + !Window.IsActive(fullscreeninfo)]">
					<param name="left" value="460"/>
				</include>
				<include content="ItemLeft" condition="[Skin.HasSetting(SmallOSDVideo) + Window.IsVisible(fullscreenvideo) + !Window.IsActive(fullscreeninfo)]">
					<param name="left" value="30"/>
				</include>
				<top>372</top>
				<right>30</right>
				<align>center</align>
				<height>41</height>
				<font>font12</font>
				<scroll>true</scroll>
				<label>[B]$INFO[Container(11).ListItem.Label][COLOR white]$INFO[Container(11).ListItem.Label2, $LOCALIZE[20347] ][/COLOR][/B]</label>
				<textcolor>$VAR[ColorHighlight]</textcolor>
				<visible>Integer.IsGreater(Container(11).NumItems,0)</visible>
			</control>
		</control>
	</controls>
</window>
