<?xml version="1.0" encoding="UTF-8" standalone="yes"?>
<addon id="plugin.program.pairem" name="Pair 'Em" version="0.1.0" provider-name="doko, jewbmx">
	<requires>
		<import addon="xbmc.python" version="2.25.0" />
	</requires>
    <extension point="xbmc.python.pluginsource" library="default.py">
        <provides>executable</provides>
    </extension>
	<extension point="xbmc.addon.metadata">
		<platform>all</platform>
		<summary>Open a web browser to video hoster pairing pages</summary>
		<description>Open a web browser to video hoster pairing pages (Openload, Vev-io etc.)</description>
        <news>Open a web browser to video hoster pairing pages (Openload, Vev-io etc.)</news>
    </extension>
</addon>