<?xml version="1.0" encoding="UTF-8" standalone="yes"?>
<addon id="repository.MyBuild" name="[B][COLOR dodgerblue]My Build[/COLOR][/B] Repo" version="1.0" provider-name="coreyp93">
    <extension point="xbmc.addon.repository" name="[B][COLOR dodgerblue]My Build[/COLOR][/B] Repo">
        <dir>
            <info compressed="false">https://raw.githubusercontent.com/coreyp93/MyBuild/master/repository.MyBuild/addons.xml</info>
            <checksum>https://raw.githubusercontent.com/coreyp93/MyBuild/master/repository.MyBuild/addons.xml.md5</checksum>
            <datadir zip="true">https://raw.githubusercontent.com/coreyp93/MyBuild/master/repository.MyBuild/</datadir>
        </dir>
    </extension>
    <extension point="xbmc.addon.metadata">
        <summary>[B][COLOR dodgerblue]My Build[/COLOR][/B] Repo</summary>
        <description>[B][COLOR dodgerblue]My Build[/COLOR][/B] Repo</description>
        <disclaimer></disclaimer>
        <platform>all</platform>
    </extension>
</addon>
