<?xml version="1.0" encoding="UTF-8" standalone="yes"?>
<addon id="plugin.program.MyKodiBuildWizard" name="[B]My Kodi [COLOR dodgerblue]Build[/COLOR] Wizard[/B]" version="1.1.0" provider-name="Coreyp93">
  <requires>
    <import addon="xbmc.python" version="2.1.0"/>
  </requires>
  <extension point="xbmc.python.pluginsource" library="default.py">
    <provides>executable</provides>
  </extension>
  <extension point="xbmc.service" library="startup.py" start="startup" />
  <extension point="xbmc.addon.metadata">
    <summary lang="en">[B]My Kodi [COLOR dodgerblue]Build[/COLOR] Wizard[/B]</summary>
    <description lang="en">MyKodiBuild Wizard contains the latest MyKodiBuild's.</description>
    <platform>all</platform>
  </extension>
</addon>