<?xml version="1.0" encoding="utf-8"?>
<window type="window" id="1138">
  <defaultcontrol>9000</defaultcontrol>
  
  <onload condition="String.IsEmpty(Skin.String(TMDB_Search)) + !Skin.HasSetting(EnableSearchDefaultKB) + Window.Previous(1136)">Skin.Reset(CustomSearchTerm)</onload>
  <onload condition="String.IsEmpty(Skin.String(TMDB_Search)) + !Skin.HasSetting(EnableSearchDefaultKB) + Window.Previous(1136)">Skin.SetString(CustomSearchTerm,$INFO[ListItem.Label])</onload>
  <onunload>Skin.Reset(TMDB_Search)</onunload>
  <onunload>ClearProperty(SuggestionPath)</onunload>
  <controls>
<control type="group">
<top>50</top>
</control>
<include>object_search</include>

</controls>
</window>
