<?xml version="1.0" encoding="UTF-8"?>
<addons>
<addon id="plugin.video.openmeta" name="OpenMeta" version="1.4.10" provider-name="A4K">
	<requires>
		<import addon="xbmc.python" version="2.25.0"/>
		<import addon="metadata.tvdb.com" version="3.0.14"/>
		<import addon="script.module.futures" version="2.2.0"/>
		<import addon="script.module.requests" version="2.19.1"/>
		<import addon="script.module.requests-cache" version="0.4.13"/>
	</requires>
	<extension point="xbmc.python.pluginsource" library="addon.py">
		<provides>video</provides>
	</extension>
	<extension point="xbmc.service" library="service.py"/>
	<extension point="kodi.context.item">
		<menu id="kodi.core.main">
			<item library="context.py">
				<label>OpenMeta - Default Player</label>
				<visible>!String.StartsWith(ListItem.path,plugin://plugin.video.openmeta/)+[String.IsEqual(ListItem.dbtype,episode)|String.IsEqual(ListItem.dbtype,movie)]</visible>
			</item>
			<item library="context2.py">
				<label>OpenMeta - Choose Player</label>
				<visible>String.IsEqual(ListItem.dbtype,movie) | String.IsEqual(ListItem.dbtype,episode)</visible>
			</item>
		</menu>
	</extension>
	<extension point="xbmc.addon.metadata">
		<platform>all</platform>
		<summary lang="en">TMDb, TVDb and Trakt browser</summary>
		<description lang="en">Browse The MovieDb, The TVDb, Trakt and pass info along to library or an addon. Needs player-files and the appropriate addon to play the files.</description>
		<assets>
			<icon>resources/icon.png</icon>
			<fanart>resources/fanart.jpg</fanart>
			<screenshot>resources/screenshot000.jpg</screenshot>
			<screenshot>resources/screenshot001.jpg</screenshot>
			<screenshot>resources/screenshot002.jpg</screenshot>
		</assets>
		<license></license>
		<forum></forum>
		<website></website>
		<source></source>
		<news>
		1.4.10 - Added language option for player-files (TV)
		1.4.9  - Fix art in TV menus
		1.4.8  - Fix crash from empty "first_aired" string"
		1.4.7  - Fix crash when we can't contact TVDB
		1.4.6  - Fix crashes from non-existent keys
		1.4.5  - Added default play action, options for movies are; Play/OpenInfo and options for episodes are; Play/OpenInfo(TV Show info)/OpenInfo(Episode info).
		1.4.4  - Fix clearlogo for movies
		1.4.3  - Fix typo in season fanart request.
		1.4.2  - Add fanart caching
		1.4.1  - Fix season artwork
		1.4.0  - Add unwatched counts for shows/seasons.
		1.3.2  - Fix "Upcoming Episodes" and "Next Episodes".
		1.3.1  - Fixed "Next Page" bug with widgets.</news>
	</extension>
</addon>

<addon id="repository.openmeta" name="OpenMeta Repository" version="1.4" provider-name="A4K">
	<extension point="xbmc.addon.repository" name="OpenMeta Repository">
		<dir>
            <info compressed="false">https://raw.githubusercontent.com/a4k-openproject/repository.openmeta/master/zips/addons.xml</info>
            <checksum>https://raw.githubusercontent.com/a4k-openproject/repository.openmeta/master/zips/addons.xml.md5</checksum>
            <datadir zip="true">https://raw.githubusercontent.com/a4k-openproject/repository.openmeta/master/zips/</datadir>
        </dir>
		<dir>
			<info compressed="false">https://raw.githubusercontent.com/marcelveldt/repository.marcelveldt/master/addons.xml</info>
			<checksum>https://raw.githubusercontent.com/marcelveldt/repository.marcelveldt/master/addons.xml.md5</checksum>
			<datadir zip="true">https://raw.githubusercontent.com/marcelveldt/repository.marcelveldt/master/</datadir>
		</dir>
	</extension>
	<extension point="xbmc.addon.metadata">
		<summary>OpenMeta Repository</summary>
		<description>The official home of OpenMeta and OpenInfo.</description>
		<disclaimer></disclaimer>
		<platform>all</platform>
	</extension>
</addon>

<addon id="script.extendedinfo" name="OpenInfo" version="6.2.3" provider-name="A4K">
	<requires>
		<import addon="xbmc.python" version="2.25.0"/>
		<import addon="script.module.pil" version="1.1.7"/>
		<import addon="plugin.video.youtube" version="6.2.2"/>
		<import addon="script.module.requests" version="2.9.1"/>
		<import addon="script.skin.helper.service" version="1.0.0"/>
		<import addon="resource.images.studios.white" version="0.0.18"/>
		<import addon="plugin.video.openmeta" version="1.0.0" optional="true"/>
	</requires>
	<extension point="xbmc.python.script" library="script.py"/>
	<extension point="xbmc.python.pluginsource" library="plugin.py">
		<provides>video</provides>
	</extension>
	<extension point="kodi.context.item">
		<menu id="kodi.core.main">
			<item library="context.py">
				<label>OpenInfo</label>
				<visible>String.IsEqual(ListItem.dbtype,movie) | String.IsEqual(ListItem.dbtype,tvshow) | String.IsEqual(ListItem.dbtype,season) | String.IsEqual(ListItem.dbtype,episode) | String.IsEqual(ListItem.dbtype,actor) | String.IsEqual(ListItem.dbtype,director)</visible>
			</item>
		</menu>
	</extension>
	<extension point="xbmc.addon.metadata">
		<reuselanguageinvoker>false</reuselanguageinvoker>
		<platform>all</platform>
		<summary>Fork of the ExtendedInfo script from phil65</summary>
		<description>This script offers various possibilities to display online content inside skins as well as a complete MovieDB browser including info dialogs for various media types. Needs skin implementation for lot of functions and OpenMeta for library functions.</description>
		<assets>
			<icon>resources/icon.png</icon>
			<fanart>resources/fanart.jpg</fanart>
			<screenshot>resources/screenshot1.jpg</screenshot>
			<screenshot>resources/screenshot2.jpg</screenshot>
			<screenshot>resources/screenshot3.jpg</screenshot>
		</assets>
		<news>6.2.3 - Fix TV Show trailers
		6.2.2 - Added ability to search using the tvdb_id for "extendedepisodeinfo"
		6.2.1 - Fix context menu now available for widgets pointing to OpenInfo's video addon items
		6.2.0 - Added context menu force "player select" to the play button, available via "c" and long press "enter" button
		</news>
	</extension>
</addon>
</addons>
