<?xml version="1.0" encoding="UTF-8"?>
<includes>
    <constant name="home_icon">67</constant>
    <constant name="home_left">70</constant>
    <constant name="topbar_height">156</constant>
    <constant name="view_width">1215</constant>
    <constant name="showcase_top">471.5</constant>

    <constant name="view_pad_netflix">60</constant>
    <constant name="view_pad">60</constant>
    <constant name="-view_pad">-60</constant>
    <constant name="view_top">120</constant>
    <constant name="poster_height">900</constant>
    <constant name="poster_width">600</constant>
    <constant name="listitem_height">90</constant>
    <constant name="list_width">1200</constant>
    <constant name="info_left">700</constant>
    <constant name="view_left">680</constant>
    <constant name="widget_square_width_netflix">323</constant>
    <constant name="widget_square_width_netflix_small">210</constant>
    <constant name="widget_poster_height">379.31</constant>
    <constant name="widget_poster_width">266</constant>
    <constant name="widget_poster_width_netflix">250</constant>
    <constant name="widget_poster_height_netflix">360</constant>
<!--    <constant name="widget_poster_height_netflix">380</constant> -->
    <constant name="widget_poster_width_netflix_small">170</constant>
    <constant name="widget_poster_height_netflix_small">210</constant>
    <constant name="widget_landscapenetflix_width_netflix_small">373.33</constant>
    <constant name="widget_landscapewide_width_netflix_small">390</constant>
    <constant name="widget_landscape_width_netflix_small">373.33</constant>
    <constant name="widget_landscapenetflix_width_netflix_small">373.33</constant>
    <constant name="widget_landscape_width">618.67</constant>
    <constant name="widget_landscape_height">348.75</constant>
    <constant name="widget_landscapewide_width">673.78</constant>
    <constant name="widget_landscapenetflix_width">462.22</constant>
    <constant name="widget_landscapedetails_width">922.11</constant>
    <constant name="widget_landscapenetflix_height">260</constant>
    <constant name="sidepad">80</constant>    
</includes>
