<?xml version="1.0" encoding="utf-8"?>
<!-- BINGIE -->
<includes>
  
  <include name="View_59_BigPanelDetails">
	
    <control type="group">
      <visible>Control.IsVisible(59)</visible>
      <include>animation_view_change</include>
	 
	  <!-- details -->
      <animation effect="slide" end="0,-100" time="0" condition="true">Conditional</animation>
      <include>MovieDetailsLeft</include>
	 
      <control type="panel" id="59">
        <animation effect="slide" end="-627" time="250" condition="Skin.HasSetting(View59_ShowInfoRight)">Conditional</animation>
        <animation effect="slide" end="0,60" time="0" condition="true">Conditional</animation>
        <viewtype label="31428">mediainfo</viewtype>
        <right>50</right>
        <bottom>8%</bottom>
        <height>850</height>
        <width>1190</width>
        <orientation>vertical</orientation>
        <itemgap>0</itemgap>
        <onleft>9000</onleft>
        <onright condition="Skin.HasSetting(EnableQuickJump)">6000</onright>
        <onright condition="!Skin.HasSetting(EnableQuickJump)">60</onright>
        <onup>59</onup>
        <ondown>59</ondown>
        <preloaditems>4</preloaditems>
        <pagecontrol>60</pagecontrol>
		<visible>String.IsEqual(Window(Home).Property(SkinHelper.ForcedView),59) | String.IsEmpty(Window(Home).Property(SkinHelper.ForcedView))</visible>
        <itemlayout height="345" width="235">
          <control type="group">
            <width>233</width>
            <height>342</height>
            <include>PosterPanelLayout</include>
          </control>
        </itemlayout>
        <focusedlayout height="345" width="235">
          <control type="group">
            <width>233</width>
            <height>342</height>
            <include>PosterPanelLayoutFocus</include>
            <include>AutoTrailerButton</include>
          </control>
        </focusedlayout>
      </control>
	  
		<!--vertical Scollbar-->
		<control type="scrollbar" id="60">
			<visible>Control.IsVisible(59) + Integer.IsGreater(Container.NumItems,0)</visible>
			<right>15</right>
			 <bottom>125</bottom>
			<height>770</height>
			<onup>60</onup>
			<ondown>6000</ondown>
			<onleft>59</onleft>
			<animation effect="fade" start="0" end="100" time="400" condition="[Control.HasFocus(60) | Skin.HasSetting(EnableTouchSupport) | Container.Scrolling | Skin.HasSetting(alwaysShowScrollbars)] + !Control.IsVisible(6002)">Conditional</animation>
			<animation effect="fade" start="100" end="0" time="400" condition="![Control.HasFocus(60) | Skin.HasSetting(EnableTouchSupport) | Container.Scrolling | Skin.HasSetting(alwaysShowScrollbars)] | Control.IsVisible(6002)">Conditional</animation>
		</control>
      
	
	  
		
	  
    </control>

  </include>
</includes>
