<?xml version="1.0" encoding="utf-8"?>
<window type="window" id="3920">
  <onload condition="String.IsEmpty(Skin.String(MovieHubMenuFocus))">SetFocus(5055)</onload>
  <onload condition="!String.IsEmpty(Skin.String(MovieHubMenuFocus))">SetFocus(401,3,absolute)</onload>
  <onunload>ClearProperty(SkinHelper.WidgetContainer,Home)</onunload>
  <controls>
    <include>Global_Background</include>
    <control type="group">
    <right>-50</right>
    <include>Logo</include>
    </control>
    <include>Home_MovieHubMenu_Layout</include>
   <control type="group">
   <control type="label">
   <animation effect="slide" end="260,0" time="500" condition="Control.HasFocus(401)">Conditional</animation>
   <top>65</top>
   <left>60</left>
   <width>400</width>
   <height>35</height>
   <font>font_heading_small</font>
   <textcolor>white</textcolor>
   <label>[B]Movie AuraHub[/B]</label>
   </control>
   </control>
   <control type="grouplist" id="5055">
        <animation effect="slide" end="260,0" time="500" condition="Control.HasFocus(401)">Conditional</animation>
	<top>140</top>
        <width>1920</width>
        <height>905</height>
        <left>50</left>
        <scrolltime tween="quadratic">400</scrolltime>
        <orientation>vertical</orientation>
        <usecontrolcoords>true</usecontrolcoords>
        <onback>Skin.Reset(MovieHubMenuFocus)</onback>
        <onback>ActivateWindow(Home)</onback>
        <onleft>SetFocus(401,3)</onleft>
        <include>skinshortcuts-template-aurahubmovies</include>
    </control>

  </controls>
</window>
