<?xml version="1.0" encoding="UTF-8"?>
<window>
    <menucontrol>300</menucontrol>
    <background>0</background>
    <defaultcontrol always="true">10</defaultcontrol>
    
    <views>10</views>

    <controls>
       <include condition="Skin.HasSetting(DisableGuideInfo)">Global_Background</include>
        <include>View_Library</include>
        
        <control type="label" id="29"><visible>false</visible></control>
        <include condition="!Skin.HasSetting(DisableGuideInfo)">View_PVRGuide_WithInfo</include>
        <include condition="Skin.HasSetting(DisableGuideInfo)">View_PVRGuide</include>
	<include>Topbar</include>
        <include>Defs_Options_StandardButtons</include>
        <control type="button" id="28">
            <description>Groups</description>
            <include>Defs_Hidden_Button</include>
        </control>
    </controls>
</window>
