<?xml version="1.0" encoding="UTF-8" standalone="yes"?>
<addon id="repository.MyKodiBuild" version="1.1.13" name="[B]My Kodi [COLOR dodgerblue]Build[/COLOR] Repo[/B]" provider-name="coreyp93">
	<extension point="xbmc.addon.repository" name="[B]My Kodi [COLOR dodgerblue]Build[/COLOR] Repo[/B]">
	
		<dir>
			<info compressed="false">https://raw.githubusercontent.com/coreyp93/MyKodiBuild/master/zips/addons.xml</info>
			<checksum>https://raw.githubusercontent.com/coreyp93/MyKodiBuild/master/zips/addons.xml.md5</checksum>
			<datadir zip="true">https://raw.githubusercontent.com/coreyp93/MyKodiBuild/master/zips/</datadir>
		</dir>
		
		<extension point="xbmc.addon.metadata">
			<summary lang="en">[B]My Kodi [COLOR dodgerblue]Build[/COLOR] Official Repo[/B]</summary>
			<description lang="en">[B]Home Of The My Kodi [COLOR dodgerblue]Build[/COLOR] Official Repo[/B]</description>
			<platform>all</platform>
			<assets>
				<icon>icon.png</icon>
				<fanart>fanart.jpg</fanart>
			</assets>
		</extension>
			
		<dir>
			<info compressed="false">https://raw.githubusercontent.com/skyfsza/repository.auramod/master/addons.xml</info>
			<checksum>https://raw.githubusercontent.com/skyfsza/repository.auramod/master/addons.xml.md5</checksum>
			<datadir zip="true">https://raw.githubusercontent.com/skyfsza/repository.auramod/master/</datadir>
		</dir>
		
		<dir>
			<info compressed="false">https://raw.githubusercontent.com/cartmandos/repository.bingie/master/addons.xml</info>
			<checksum>https://raw.githubusercontent.com/cartmandos/repository.bingie/master/addons.xml.md5</checksum>
			<datadir zip="true">https://raw.githubusercontent.com/cartmandos/repository.bingie/master/</datadir>
		</dir>
		
		<dir>
			<info>https://github.com/CastagnaIT/repository.castagnait/raw/master/addons.xml</info>
			<checksum>https://github.com/CastagnaIT/repository.castagnait/raw/master/addons.xml.md5</checksum>
			<datadir zip="true">https://github.com/CastagnaIT/repository.castagnait/raw/master/zip</datadir>
		</dir>
		
		<dir>
			<info compressed="false">https://raw.githubusercontent.com/I-A-C/zips/master/addons.xml</info>
			<checksum>https://raw.githubusercontent.com/I-A-C/zips/master/addons.xml.md5</checksum>
			<datadir zip="true">https://raw.githubusercontent.com/I-A-C/zips/master/</datadir>
		</dir>
		
		<dir>
			<info compressed="false">https://raw.githubusercontent.com/jsergio123/zips/master/addons.xml</info>
			<checksum>https://raw.githubusercontent.com/jsergio123/zips/master/addons.xml.md5</checksum>
			<datadir zip="true">https://raw.githubusercontent.com/jsergio123/zips/master/</datadir>
		</dir>
		
		<dir>	
			<info compressed="false">https://raw.githubusercontent.com/jurialmunkey/repository.jurialmunkey/master/zips/addons.xml</info>
			<checksum>https://raw.githubusercontent.com/jurialmunkey/repository.jurialmunkey/master/zips/addons.xml.md5</checksum>
			<datadir zip="true">https://raw.githubusercontent.com/jurialmunkey/repository.jurialmunkey/master/zips/</datadir>
		</dir>
		
		<dir>
			<info compressed="false">https://raw.githubusercontent.com/marcelveldt/repository.marcelveldt/master/addons.xml</info>
			<checksum>https://raw.githubusercontent.com/marcelveldt/repository.marcelveldt/master/addons.xml.md5</checksum>
			<datadir zip="true">https://raw.githubusercontent.com/marcelveldt/repository.marcelveldt/master/</datadir>
		</dir>
		
		<dir>
			<info compressed="false">https://raw.githubusercontent.com/marduklev/repository.marduk/master/addons.xml</info>
			<checksum>https://raw.githubusercontent.com/marduklev/repository.marduk/master/addons.xml.md5</checksum>
			<datadir zip="true">https://raw.githubusercontent.com/marduklev/repository.marduk/master/</datadir>
		</dir>
		
		<dir>
			<info compressed="false">https://raw.githubusercontent.com/a4k-openproject/repository.openmeta/master/zips/addons.xml</info>
			<checksum>https://raw.githubusercontent.com/a4k-openproject/repository.openmeta/master/zips/addons.xml.md5</checksum>
			<datadir zip="true">https://raw.githubusercontent.com/a4k-openproject/repository.openmeta/master/zips/</datadir>
		</dir>
		
		<dir>
			<info compressed="false">https://raw.githubusercontent.com/a4k-openproject/repository.openscrapers/master/zips/addons.xml</info>
			<checksum>https://raw.githubusercontent.com/a4k-openproject/repository.openscrapers/master/zips/addons.xml.md5</checksum>
			<datadir zip="true">https://raw.githubusercontent.com/a4k-openproject/repository.openscrapers/master/zips/</datadir>
		</dir>
		
		<dir>
			<info compressed="false">https://raw.githubusercontent.com/drinfernoo/repository.openwizard/master/zips/addons.xml</info>
			<checksum>https://raw.githubusercontent.com/drinfernoo/repository.openwizard/master/zips/addons.xml.md5</checksum>
			<datadir zip="true">https://raw.githubusercontent.com/drinfernoo/repository.openwizard/master/zips/</datadir>
		</dir>
		
		<dir>
			<info compressed="false">https://github.com/croneter/repository.plexkodiconnect/repo/addons.xml</info>
			<checksum>https://github.com/croneter/repository.plexkodiconnect/repo/addons.xml.md5</checksum>
			<datadir zip="true">https://github.com/croneter/repository.plexkodiconnect/repo/bin/</datadir>
		</dir>
		
		<dir>		
			<info>https://raw.githubusercontent.com/rmrector/repository.rector.stuff/master/addons.xml</info>
			<checksum>https://raw.githubusercontent.com/rmrector/repository.rector.stuff/master/addons.xml.md5</checksum>
			<datadir zip="true">https://raw.githubusercontent.com/rmrector/repository.rector.stuff/master/</datadir>
		</dir>
		
		<dir>
			<info compressed="false">https://bitbucket.org/threw/the-crew/raw/master/_zips/addons.xml</info>
			<checksum>https://bitbucket.org/threw/the-crew/raw/master/_zips/addons.xml.md5</checksum>
			<datadir zip="true">https://bitbucket.org/threw/the-crew/raw/master/_zips/</datadir>
		</dir>
		
		<dir>
			<info compressed="false">https://raw.githubusercontent.com/123Venom/zips/master/addons.xml</info>
			<checksum>https://raw.githubusercontent.com/123Venom/zips/master/addons.xml.md5</checksum>
			<datadir zip="true">https://raw.githubusercontent.com/123Venom/zips/master/</datadir>
		</dir>
	</extension>
</addon>
