<?xml version="1.0" encoding="UTF-8" standalone="yes"?>
<addon id="repository.plexkodiconnect" name="PlexKodiConnect Addons" version="1.0.2" provider-name="croneter">
    <extension point="xbmc.addon.repository" name="PlexKodiConnect Addons">
        <dir>
			<info compressed="false">https://github.com/croneter/repository.plexkodiconnect/repo/addons.xml</info>
			<checksum>https://github.com/croneter/repository.plexkodiconnect/repo/addons.xml.md5</checksum>
			<datadir zip="true">https://github.com/croneter/repository.plexkodiconnect/repo/bin/</datadir>
        </dir>
    </extension>
    <extension point="xbmc.addon.metadata">
        <summary>PlexKodiConnect Addons</summary>
        <description>PlexKodiConnect Addons</description>
        <disclaimer></disclaimer>
        <platform>all</platform>
    </extension>
</addon>
