<?xml version="1.0" encoding="utf-8"?>
<window type="window" id="3910">
  <onload condition="String.IsEmpty(Skin.String(TVHubMenuFocus))">SetFocus(5055)</onload>
  <onload condition="!String.IsEmpty(Skin.String(TVHubMenuFocus))">SetFocus(400,4,absolute)</onload>
  <onunload>ClearProperty(SkinHelper.WidgetContainer,Home)</onunload>
  <controls>
    <include>Global_Background</include>
    <include>Logo</include>
   <control type="group">
   <control type="label">
   <animation effect="slide" end="260,0" time="500" condition="Control.HasFocus(400)">Conditional</animation>
   <top>65</top>
   <left>70</left>
   <width>400</width>
   <height>40</height>
   <font>font_heading_small</font>
   <textcolor>white</textcolor>
   <label>[B]TV AuraHub[/B]</label>
   </control> 
   </control>
      <control type="grouplist" id="5055">
        <include>Animation_Right</include>
   	<animation effect="slide" end="270,0" time="500" condition="Control.HasFocus(400)">Conditional</animation>
        <top>140</top>
        <width>1920</width>
        <height>935</height>
        <left>50</left>
	<movement>1</movement>
        <scrolltime tween="sine">700</scrolltime>
        <orientation>vertical</orientation>
        <usecontrolcoords>true</usecontrolcoords>
        <onback condition="!Integer.IsEqual(Container($PARAM[id]).Position,0) | Container($PARAM[id]).HasPrevious">Control.Move($PARAM[id],$INFO[Container($PARAM[id]).CurrentItem,-,])</onback>
        <onback condition="!Integer.IsEqual(Container($PARAM[id]).Position,0) | Container($PARAM[id]).HasPrevious">Control.Move($PARAM[id],1)</onback>
	<onback condition="Integer.IsEqual(Container($PARAM[id]).Position,0) | !Container($PARAM[id]).HasPrevious">Skin.Reset(TVHubMenuFocus)</onback>
        <onback condition="Integer.IsEqual(Container($PARAM[id]).Position,0) | !Container($PARAM[id]).HasPrevious">ActivateWindow(Home)</onback>
        <onleft>SetFocus(400,4)</onleft>
	<onup>5055</onup>
	<ondown>5055</ondown>
        <include>skinshortcuts-template-aurahubtv</include>
    </control>
    <include>Home_TVHubMenu_Layout</include>

    <control type="button" id="7777">
       <visible allowhiddenfocus="true">false</visible>
  	<onfocus condition="String.IsEmpty(Skin.String(TVHubMenuFocus))">SetFocus(5055)</onfocus>
  	<onfocus condition="!String.IsEmpty(Skin.String(TVHubMenuFocus))">SetFocus(400,4,absolute)</onfocus>
    </control>
  </controls>
</window>
