<?xml version="1.0" encoding="utf-8"?>
<window type="window" id="1136">
  <defaultcontrol always="true">9000</defaultcontrol>
  <onload condition="String.IsEmpty(Skin.String(TMDB_Search))">Skin.Reset(CustomSearchTerm)</onload>
  <onload condition="Skin.HasSetting(EnableSearchDefaultKB) + String.IsEmpty(Skin.String(TMDB_Search))">Skin.SetString(CustomSearchTerm)</onload>
  <onload condition="!Skin.HasSetting(EnableSearchDefaultKB) + String.IsEmpty(Skin.String(TMDB_Search))">Skin.SetString(CustomSearchTerm,$LOCALIZE[31138])</onload>
  <onload>ActivateWindow(1138)</onload>
  <controls>
</controls>
</window>
