<?xml version="1.0" encoding="UTF-8"?>
<!-- Foundation -->
<window type="dialog" id="1051">
    <defaultcontrol always="true">9000</defaultcontrol>
    <!-- <onunload>AlarmClock(reloadskin,ReloadSkin(),00:00,silent,false)</onunload> -->
    <controls>
        <include>Global_Overlay</include>
        <control type="group">
            <include content="Dialog_Standard_Group">
                <param name="width" value="1000" />
                <param name="height" value="816" />
            </include>

            <control type="label">
                <description>Header Label</description>
                <label>Choose Widgets</label>
                <include>Dialog_Standard_Header</include>
            </control>

            <control type="grouplist" id="9000">
                <description>Control Area</description>
                <width>900</width>
                <top>100</top>
                <height>600</height>
                <orientation>vertical</orientation>
                <usecontrolcoords>true</usecontrolcoords>
                       <control type="button" id="9001" description="Configure Widget 1">
                            <include>Defs_Settings_Button</include>
                            <label>Action </label>
			    <label2>$INFO[Skin.String(tvgenreshub-11.label)]</label2>
                            <onclick>RunScript(script.skinshortcuts,type=widgets&amp;showNone=true&amp;skinWidgetName=tvgenreshub-11.label&amp;skinWidgetTarget=tvgenreshub-11.target&amp;skinWidgetPath=tvgenreshub-11.path)</onclick>
                        </control>

                       <control type="button" id="9002" description="Configure Widget 2">
                            <include>Defs_Settings_Button</include>
                            <label>Anime </label>
                            <label2>$INFO[Skin.String(tvgenreshub-12.label)]</label2>
                            <onclick>RunScript(script.skinshortcuts,type=widgets&amp;showNone=true&amp;skinWidgetName=tvgenreshub-12.label&amp;skinWidgetTarget=tvgenreshub-12.target&amp;skinWidgetPath=tvgenreshub-12.path)</onclick>
                        </control>
                       <control type="button" id="9003" description="Configure Widget 3">
                            <include>Defs_Settings_Button</include>
                            <label>Documentary </label>
                            <label2>$INFO[Skin.String(tvgenreshub-13.label)]</label2>
                            <onclick>RunScript(script.skinshortcuts,type=widgets&amp;showNone=true&amp;skinWidgetName=tvgenreshub-13.label&amp;skinWidgetTarget=tvgenreshub-13.target&amp;skinWidgetPath=tvgenreshub-13.path)</onclick>
                        </control>
                       <control type="button" id="9004" description="Configure Widget 4">
                            <include>Defs_Settings_Button</include>
                            <label>Drama </label>
                            <label2>$INFO[Skin.String(tvgenreshub-14.label)]</label2>
                            <onclick>RunScript(script.skinshortcuts,type=widgets&amp;showNone=true&amp;skinWidgetName=tvgenreshub-14.label&amp;skinWidgetTarget=tvgenreshub-14.target&amp;skinWidgetPath=tvgenreshub-14.path)</onclick>
                        </control>
                       <control type="button" id="9005" description="Configure Widget 5">
                            <include>Defs_Settings_Button</include>
                            <label>Comedy </label>
                            <label2>$INFO[Skin.String(tvgenreshub-15.label)]</label2>
                            <onclick>RunScript(script.skinshortcuts,type=widgets&amp;showNone=true&amp;skinWidgetName=tvgenreshub-15.label&amp;skinWidgetTarget=tvgenreshub-15.target&amp;skinWidgetPath=tvgenreshub-15.path)</onclick>
                        </control>
                       <control type="button" id="9006" description="Configure Widget 6">
                            <include>Defs_Settings_Button</include>
                            <label>Game Show </label>
                            <label2>$INFO[Skin.String(tvgenreshub-16.label)]</label2>
                            <onclick>RunScript(script.skinshortcuts,type=widgets&amp;showNone=true&amp;skinWidgetName=tvgenreshub-16.label&amp;skinWidgetTarget=tvgenreshub-16.target&amp;skinWidgetPath=tvgenreshub-16.path)</onclick>
                        </control>
                       <control type="button" id="9007" description="Configure Widget 7">
                            <include>Defs_Settings_Button</include>
                            <label>Horror </label>
                            <label2>$INFO[Skin.String(tvgenreshub-17.label)]</label2>
                            <onclick>RunScript(script.skinshortcuts,type=widgets&amp;showNone=true&amp;skinWidgetName=tvgenreshub-17.label&amp;skinWidgetTarget=tvgenreshub-17.target&amp;skinWidgetPath=tvgenreshub-17.path)</onclick>
                        </control>
                       <control type="button" id="9008" description="Configure Widget 8">
                            <include>Defs_Settings_Button</include>
                            <label>Romance </label>
                            <label2>$INFO[Skin.String(tvgenreshub-18.label)]</label2>
                            <onclick>RunScript(script.skinshortcuts,type=widgets&amp;showNone=true&amp;skinWidgetName=tvgenreshub-18.label&amp;skinWidgetTarget=tvgenreshub-18.target&amp;skinWidgetPath=tvgenreshub-18.path)</onclick>
                        </control>
                       <control type="button" id="9009" description="Configure Widget 9">
                            <include>Defs_Settings_Button</include>
                            <label>Sci-fi </label>
                            <label2>$INFO[Skin.String(tvgenreshub-19.label)]</label2>
                            <onclick>RunScript(script.skinshortcuts,type=widgets&amp;showNone=true&amp;skinWidgetName=tvgenreshub-19.label&amp;skinWidgetTarget=tvgenreshub-19.target&amp;skinWidgetPath=tvgenreshub-19.path)</onclick>
                        </control>
                       <control type="button" id="9010" description="Configure Widget 10">
                            <include>Defs_Settings_Button</include>
                            <label>Thriller </label>
                            <label2>$INFO[Skin.String(tvgenreshub-20.label)]</label2>
                            <onclick>RunScript(script.skinshortcuts,type=widgets&amp;showNone=true&amp;skinWidgetName=tvgenreshub-20.label&amp;skinWidgetTarget=tvgenreshub-20.target&amp;skinWidgetPath=tvgenreshub-20.path)</onclick>
                        </control>
           </control>

        </control>
    </controls>
</window>
