<?xml version="1.0" encoding="utf-8"?>
<!--Titan-->
<window type="window" id="3810">
    <defaultcontrol always="true">4000</defaultcontrol>
    <onload>AlarmClock(focusWidgets,SetFocus(323233),00:00,silent)</onload>
    <onload>SetProperty(netflixview,active,Home)</onload>
    <onunload condition="!String.Contains(Skin.String(HomeLayout),netflix)">ClearProperty(netflixview, Home)</onunload>
    <onunload>ClearProperty(SkinHelper.WidgetContainer,Home)</onunload>
    <onunload condition="Player.HasVideo">Stop</onunload>
    <controls>
	<include>Object_Home_Netflix</include>
  <control type="grouplist" id="323233">
	<posy>670</posy>
      <include condition="true" content="netflix_customhub_fixed" name="netflix_customhub_fixed">
        <param name="id" value="610" />
        <param name="widgetaspect" value="Poster" />
        <param name="skinsetting" value="netflixhub-tvshows-610" />
      </include>
      <include condition="true" content="netflix_customhub_fixed" name="netflix_customhub_fixed">
        <param name="id" value="620" />
        <param name="widgetaspect" value="LandscapeWidePoster" />
        <param name="skinsetting" value="netflixhub-tvshows-620" />
      </include>
      <include condition="true" content="netflix_customhub_fixed" name="netflix_customhub_fixed">
        <param name="id" value="630" />
        <param name="widgetaspect" value="LandscapeWidePoster" />
        <param name="skinsetting" value="netflixhub-tvshows-630" />
      </include>
      <include condition="true" content="netflix_customhub_fixed" name="netflix_customhub_fixed">
        <param name="id" value="640" />
        <param name="aspect" value="Poster" />
        <param name="skinsetting" value="netflixhub-tvshows-640" />
      </include>
      <include condition="true" content="netflix_customhub_fixed" name="netflix_customhub_fixed">
        <param name="id" value="650" />
        <param name="aspect" value="LandscapeWidePoster" />
        <param name="skinsetting" value="netflixhub-tvshows-650" />
      </include>
      </control>

   </controls>
</window>
