<?xml version="1.0" encoding="UTF-8" standalone="yes"?>
    <addon id="repository.blamorepo" name="[COLOR red]Blamo Repo Reborn[/COLOR]" version="1.1.8" provider-name="[COLOR red]Mr.Blamo[/COLOR]">
        <requires>
            <import addon="xbmc.addon" version="12.0.0"/>
        </requires>
        <extension point="xbmc.addon.repository" name="[COLOR red]Blamo Repo[/COLOR]">
            <info compressed="false">https://raw.githubusercontent.com/MrBlamo6969/repo/master/zips/addons.xml</info>
            <checksum>https://raw.githubusercontent.com/MrBlamo6969/repo/master/zips/addons.xml.md5</checksum>
            <datadir zip="true">https://raw.githubusercontent.com/MrBlamo6969/repo/master/zips/</datadir>
            <hashes>false</hashes>
            <dir>
                <info compressed="false">https://raw.githubusercontent.com/marcelveldt/repository.marcelveldt/master/addons.xml</info>
                <checksum>https://raw.githubusercontent.com/marcelveldt/repository.marcelveldt/master/addons.xml.md5</checksum>
                <datadir zip="true">https://raw.githubusercontent.com/marcelveldt/repository.marcelveldt/master/</datadir>
            </dir>
            <dir>
                <info compressed="false">https://raw.githubusercontent.com/totalrevolution/python-koding/master/zips/addons.xml</info>
                <checksum>https://raw.githubusercontent.com/totalrevolution/python-koding/master/zips/addons.xml.md5</checksum>
                <datadir zip="true">https://raw.githubusercontent.com/totalrevolution/python-koding/master/zips/</datadir>
            </dir>
            <dir>
                <info compressed="false">https://repo.orionoid.com/addons.xml?v=3.3.0</info>
                <checksum>https://repo.orionoid.com/addons.xml.md5?v=3.3.0</checksum>
                <datadir zip="true">https://repo.orionoid.com</datadir>
            </dir>
            <dir>
                <info compressed="false">https://raw.githubusercontent.com/teamuniversal/scrapers/master/_modules4all/zips/addons.xml</info>
                <checksum>https://raw.githubusercontent.com/teamuniversal/scrapers/master/_modules4all/zips/addons.xml.md5</checksum>
                <datadir zip="true">https://raw.githubusercontent.com/teamuniversal/scrapers/master/_modules4all/zips/</datadir>
            </dir>
            <dir>
                <info compressed="false">https://raw.githubusercontent.com/jsergio123/zips/master/addons.xml</info>
                <checksum>https://raw.githubusercontent.com/jsergio123/zips/master/addons.xml.md5</checksum>
                <datadir zip="true">https://raw.githubusercontent.com/jsergio123/zips/master/</datadir>
            </dir>
        </extension>
        <extension point="xbmc.addon.metadata">
            <summary>The Official Repo for Blamo</summary>
            <description>The Official Repo for Blamo</description>
            <platform>all</platform>
            <genre>movies,usa</genre>
        </extension>
    </addon>