<?xml version="1.0" encoding="UTF-8" standalone="yes"?>
<addon id="repository.MyKodiBuild" version="1.1.02" name="[B]My Kodi [COLOR dodgerblue]Build[/COLOR] Repo[/B]" provider-name="coreyp93">
	<extension point="xbmc.addon.repository" name="[B]My Kodi [COLOR dodgerblue]Build[/COLOR] Repo[/B]">

		<dir>
			<info compressed="false">https://raw.githubusercontent.com/coreyp93/MyKodiBuild/master/zips/addons.xml</info>
			<checksum>https://raw.githubusercontent.com/coreyp93/MyKodiBuild/master/zips/addons.xml.md5</checksum>
			<datadir zip="true">https://raw.githubusercontent.com/coreyp93/MyKodiBuild/master/zips/</datadir>
		</dir>
		
		<dir>
			 <info compressed="false">https://raw.githubusercontent.com/doko-desuka/doko.repository/master/addons.xml</info>
			<checksum>https://raw.githubusercontent.com/doko-desuka/doko.repository/master/addons.xml.md5</checksum>
			<datadir zip="true">https://raw.githubusercontent.com/doko-desuka/doko.repository/master/</datadir>
		</dir>
		
				
		
		
	</extension>

		
		
		
	<extension point="xbmc.addon.metadata">
		<summary lang="en">[B]My Kodi [COLOR dodgerblue]Build[/COLOR] Repo[/B]</summary>
		<description lang="en">[B]My Kodi [COLOR dodgerblue]Build[/COLOR] Repo[/B]</description>
		<platform>all</platform>
	</extension>
</addon>
