<?xml version="1.0" encoding="UTF-8"?>
<!-- Foundation -->
<includes>

    <include file="Defaults.xml" />
    <include file="DialogVideoInfo-Includes.xml" />
    <include file="Includes_ImagesMods.xml" />
    <include file="Includes_PVRInfoMods.xml" />
    <include file="Includes_WidgetMods.xml" />
    <include file="Includes_Animations.xml" />
    <include file="Includes_Defs.xml" />
    <include file="Includes_Dialog.xml" />
    <include file="Includes_Global.xml" />
    <include file="Includes_Items.xml" />
    <include file="Includes_Images.xml" />
    <include file="Includes_Labels.xml" />
    <include file="Includes_NextAired.xml" />
    <include file="Includes_Object.xml" />
    <include file="Includes_OSD.xml" />
    <include file="Includes_Statusbar.xml" />
    <include condition="!Skin.HasSetting(DisableNetflixHome)" file="Includes_Topbar.xml" />
    <include condition="Skin.HasSetting(DisableNetflixHome) + Skin.HasSetting(DisableNetflixHomeSidemenu)" file="Includes_Topbar.xml" />
    <include condition="Skin.HasSetting(DisableNetflixHome) + !Skin.HasSetting(DisableNetflixHomeSidemenu)" file="Includes_Topbar-Netflix.xml" />
    <include condition="Skin.HasSetting(DisableNetflixHome) + !Skin.HasSetting(DisableNetflixHomeSidemenu)" file="Includes_Home.xml" />
    <include file="Includes_VideoLyrics.xml" />
    <include file="Includes_Weather.xml" />
    <include condition="!Skin.HasSetting(DisableNetflixHome)" file="Includes_Widgets.xml" />
    <include condition="Skin.HasSetting(DisableNetflixHome)" file="Includes_Widgets_Netflix.xml" />
    <include file="Includes_SerenHub.xml" />

    <include file="Includes_View.xml" />
    <include file="Includes_View_List.xml" />
    <include file="Includes_View_Posters.xml" />

    <include file="script-skinshortcuts-includes.xml"/>

    <include file="Constants_Main.xml" />
    <include condition="Skin.HasSetting(MouseMode)" file="Constants_Home_Mouse.xml" />
    <include condition="!Skin.HasSetting(MouseMode) + !Skin.HasSetting(SubmenuLabel)" file="Constants_Home_NoMouse.xml" />
    <include condition="!Skin.HasSetting(MouseMode) + Skin.HasSetting(SubmenuLabel)" file="Constants_Home_NoMouse_BigSubmenu.xml" />

    <variable name="ColorHighlight">
        <value condition="[Skin.HasSetting(CycleColors) | Skin.HasSetting(MatchColors)] + !String.IsEqual(Window(home).Property(SEVEN_daemon_set),None) + !String.IsEmpty(Window(home).Property(ImageColorSEVEN)) + !String.IsEqual(Window(home).Property(ImageColorSEVEN),ffffffff) + !String.IsEqual(Window(home).Property(ImageColorSEVEN),ff000000)">$INFO[Window(home).Property(ImageColorSEVEN)]</value>
        <value condition="!String.IsEmpty(Skin.String(focuscolor.name))">$INFO[Skin.String(focuscolor.name)]</value>
        <value>Highlight</value>
    </variable>
    <variable name="ColorHighlight2">
        <value condition="[Skin.HasSetting(CycleColors) | Skin.HasSetting(MatchColors)] + !String.IsEqual(Window(home).Property(SEVEN_daemon_set),None) + !String.IsEmpty(Window(home).Property(ImageCColorSEVEN)) + !String.IsEqual(Window(home).Property(ImageCColorSEVEN),ffffffff) + !String.IsEqual(Window(home).Property(ImageCColorSEVEN),ff000000)">$INFO[Window(home).Property(ImageCColorSEVEN)]</value>
        <value condition="!String.IsEmpty(Skin.String(gradientcolor.name))">$INFO[Skin.String(gradientcolor.name)]</value>
        <value>GradientHighlight</value>
    </variable>

    <variable name="ColorOverlay">
        <value condition="Skin.HasSetting(DisableOverlayColor)">FFffffff</value>
        <value condition="Skin.HasSetting(MatchOverlayColors) + !String.IsEqual(Window(home).Property(SEVEN_daemon_set),None) + !String.IsEmpty(Window(home).Property(ImageColorSEVEN)) + !String.IsEqual(Window(home).Property(ImageColorSEVEN),ffffffff) + !String.IsEqual(Window(home).Property(ImageColorSEVEN),ff000000)">$INFO[Window(home).Property(ImageColorSEVEN)]</value>
        <value condition="Skin.HasSetting(MatchOverlayColors)">$VAR[ColorHighlight]</value>
        <value condition="!String.IsEmpty(Skin.String(overlaycolor.name))">$INFO[Skin.String(overlaycolor.name)]</value>
        <value>Overlay</value>
    </variable>

    <include name="Dimensions_Fullscreen">
        <left>0</left>
        <top>0</top>
        <width>1920</width>
        <height>1080</height>
    </include>
</includes>
