<?xml version="1.0" encoding="UTF-8"?>
<!-- Foundation -->
<window type="dialog" id="1143">
    <defaultcontrol always="true">9000</defaultcontrol>
    <controls>
        <include>Global_Overlay</include>
        <control type="group">
            <include content="Dialog_Standard_Group">
                <param name="width" value="820" />
                <param name="height" value="400" />
            </include>

            <control type="label">
                <description>Header Label</description>
                <label>[CAPITALIZE]Movies Menu[/CAPITALIZE]</label>
                <include>Dialog_Standard_Header</include>
            </control>

            <control type="grouplist" id="9000">
                <description>Control Area</description>
                <right>20</right>
                <width>780</width>
                <top>100</top>
                <height>720</height>
                <itemgap>10</itemgap>
                <orientation>vertical</orientation>
                <pagecontrol>60</pagecontrol>
                <usecontrolcoords>true</usecontrolcoords>
                <control type="radiobutton" id="9001">
                    <label>Movie Categories</label>
                    <radioposx>730</radioposx>
                    <include>Dialog_Standard_ListButton</include>
                    <onclick>Skin.ToggleSetting(DisableMenuMovieCat)</onclick>
                    <selected>!Skin.HasSetting(DisableMenuMovieCat)</selected>
                </control>
                <control type="radiobutton" id="9002">
                    <label>Movie Genre</label>
                    <radioposx>730</radioposx>
                    <include>Dialog_Standard_ListButton</include>
                    <onclick>Skin.ToggleSetting(DisableMenuMovieGenre)</onclick>
                    <selected>!Skin.HasSetting(DisableMenuMovieGenre)</selected>
                </control>
                <control type="radiobutton" id="9003">
                    <label>Movie Hub</label>
                    <radioposx>730</radioposx>
                    <include>Dialog_Standard_ListButton</include>
                    <onclick>Skin.ToggleSetting(DisableMenuMovieHub)</onclick>
                    <selected>!Skin.HasSetting(DisableMenuMovieHub)</selected>
                </control>
            </control>
        </control>
    </controls>
</window>
