<?xml version="1.0" encoding="UTF-8"?>

<includes>

    <include name="Home">
        <control type="group">
            <left>0</left>
            <control type="group">
                <include>Animation_Home_Textbar_Slideover</include>
                <control type="group">
                    <left>home_left</left>
                    <width>320</width>
                    <include condition="!Skin.HasSetting(DisableMenuVertLabel)">Home_Textbar_Texture</include>
                    <include condition="!Skin.HasSetting(DisableMenuVertLabel)">Home_Textbar_Items</include>
                    <include condition="!Skin.HasSetting(DisableMenuVertLabel)">Home_Textbar_Bottomline</include>
                </control>
            </control>
            <control type="group">
                <animation effect="slide" start="0" end="301" time="400" condition="Control.HasFocus(302) + Skin.HasSetting(IconOnlyMode)">Conditional</animation>
                <control type="group">
                    <left>-320</left>
                    <width>320</width>
                    <control type="group">
                        <right>-8</right>
                        <include condition="!Skin.HasSetting(DisableMenuVertLabel)">Home_Textbar_Texture</include>
                    </control>

	    <!-- Submenu -->
                    <control type="list" id="302">
                        <visible>Window.IsVisible(Home)</visible>
                        <onclick>SetFocus(300)</onclick>
                        <include>Home_OnClick</include>
                        <include>Home_OnFocus</include>
                        <onright>300</onright>
                        <include>Home_SubMenu_Layout</include>
                        <include>Home_SubMenu_Items</include>
                    </control>
                    <include>Home_Textbar_Bottomline</include>
                    <control type="group">
                        <top>view_top</top>
                        <animation effect="slide" end="0,home_icon" condition="Integer.IsGreater(Container(302).NumItems,0)">Conditional</animation>
                        <animation effect="slide" end="0,home_icon" condition="Integer.IsGreater(Container(302).NumItems,1)">Conditional</animation>
                        <animation effect="slide" end="0,home_icon" condition="Integer.IsGreater(Container(302).NumItems,2)">Conditional</animation>
                        <animation effect="slide" end="0,home_icon" condition="Integer.IsGreater(Container(302).NumItems,3)">Conditional</animation>
                        <animation effect="slide" end="0,home_icon" condition="Integer.IsGreater(Container(302).NumItems,4)">Conditional</animation>
                        <animation effect="slide" end="0,home_icon" condition="Integer.IsGreater(Container(302).NumItems,5)">Conditional</animation>
                        <animation effect="slide" end="0,home_icon" condition="Integer.IsGreater(Container(302).NumItems,6)">Conditional</animation>
                        <animation effect="slide" end="0,home_icon" condition="Integer.IsGreater(Container(302).NumItems,7)">Conditional</animation>
                        <animation effect="slide" end="0,home_icon" condition="Integer.IsGreater(Container(302).NumItems,8)">Conditional</animation>
                        <animation effect="slide" end="0,home_icon" condition="Integer.IsGreater(Container(302).NumItems,9)">Conditional</animation>
                        <animation effect="slide" end="0,home_icon" condition="Integer.IsGreater(Container(302).NumItems,10)">Conditional</animation>
                        <animation effect="slide" end="0,home_icon" condition="Integer.IsGreater(Container(302).NumItems,11)">Conditional</animation>
                        <include>Home_Separator</include>
                    </control>
                </control>
                <control type="group">
                    <left>0</left>
                    <width>home_icon</width>
                    <include condition="!Skin.HasSetting(DisableMenuVertLabel)">Home_Iconbar_Texture</include>

                    <control type="list" id="300">
                        <onfocus>SetProperty(SpotFocus,true,Home)</onfocus>
                        <onfocus>Skin.Reset(TVHubMenuFocus)</onfocus>
                        <onfocus>Skin.Reset(MovieHubMenuFocus)</onfocus>
			<onleft condition="Control.HasFocus(300) + String.IsEqual(Container(300).ListItem.Label,TV Shows) + Skin.HasSetting(DisableSubMenuVert)">SetFocus(400,0)</onleft>
			<onleft condition="Control.HasFocus(300) + String.IsEqual(Container(300).ListItem.Label,Movies) + Skin.HasSetting(DisableSubMenuVert)">SetFocus(401,0)</onleft>
			<onleft condition="Control.HasFocus(300) + Skin.HasSetting(DisableMenuVertFull)">302</onleft>
			<onleft condition="!String.IsEqual(Container(300).ListItem.Property(widgetinfospotlight),true) + Skin.HasSetting(DisableMenuVertFull) + !Integer.IsGreater(Container(30222).NumItems,0) + !Skin.HasSetting(IconOnlyMode) + !String.IsEqual(Container(300).ListItem.Property(widget),Weather) + !String.IsEqual(Container(300).ListItem.Property(widget),Settings)">302</onleft>
			<onleft condition="!Skin.HasSetting(DisableSubMenuVert) + !String.IsEqual(Container(300).ListItem.Property(widgetinfospotlight),true) + Integer.IsGreater(Container(30222).NumItems,0) + !Skin.HasSetting(IconOnlyMode) + !String.IsEqual(Container(300).ListItem.Property(widget),Weather) + !String.IsEqual(Container(300).ListItem.Property(widget),Settings)">30222</onleft>
			<onleft condition="Skin.HasSetting(DisableMenuVertFull) + Skin.HasSetting(IconOnlyMode) + !String.IsEqual(Container(300).ListItem.Property(widget),Weather) + !String.IsEqual(Container(300).ListItem.Property(widget),Settings)">302</onleft>

                        <onleft condition="[Window.IsVisible(MyVideoNav.xml) | Window.IsVisible(MyMusicNav.xml) | Window.IsVisible(MyWeather.xml) | Window.IsVisible(MyPics.xml) | Window.IsVisible(AddonBrowser.xml) | Window.IsVisible(MyPrograms.xml)] + !Window.IsVisible(script-globalsearch-main.xml)">9602</onleft>
                        <onright condition="!Skin.HasSetting(DisableAuraHomeLayout) + Window.IsVisible(Home) + String.IsEqual(Container(300).ListItem.Label,Live TV)">901</onright>

                        <onright condition="Window.IsVisible(Home) + [String.IsEqual(Container(300).ListItem.Property(widget),Settings) | String.IsEqual(Container(300).ListItem.Property(widgetType),Settings Widget)]">9967</onright>
                        <onright condition="Window.IsVisible(Home) + [String.IsEqual(Container(300).ListItem.Property(widget),Weather) | String.IsEqual(Container(300).ListItem.Property(widgetType),Weather Widget)]">9966</onright>
                        <onright condition="Window.IsVisible(script-globalsearch-main.xml)">9500</onright>
                        <onright condition="Window.IsVisible(Home) + !Skin.HasSetting(DisableAuraHomeLayout) + Integer.IsGreater(Container(330).NumItems,0)">3000</onright>
                        <onright condition="Window.IsVisible(Home) + !Integer.IsGreater(Container(30222).NumItems,0) + Integer.IsGreater(Container(330).NumItems,0)">3000</onright>

                        <onright condition="Skin.HasSetting(EnableCatonFocus) + Window.IsVisible(Home) + Integer.IsGreater(Container(30222).NumItems,0)">30222</onright>
                        <onright condition="Skin.HasSetting(EnableCatonFocus) + Window.IsVisible(Home) + !Integer.IsGreater(Container(30222).NumItems,0)">3000</onright>
                        <onright condition="!Skin.HasSetting(EnableCatonFocus) + Window.IsVisible(Home) + Integer.IsGreater(Container(330).NumItems,0)">330</onright>
                        <onright condition="!Skin.HasSetting(EnableCatonFocus) + Window.IsVisible(Home) + Integer.IsGreater(Container(30222).NumItems,0) + !Integer.IsGreater(Container(330).NumItems,0)">30222</onright>
                        <onright condition="Window.IsVisible(SettingsProfile.xml)">4</onright>
                        <onright condition="Window.IsVisible(SettingsCategory.xml)">3</onright>
                        <onright condition="Window.IsVisible(SkinSettings.xml)">9100</onright>
                        <onright condition="Window.IsVisible(SettingsSystemInfo.xml)">50</onright>

                        <onleft>300</onleft>
                        <onright condition="[Window.IsVisible(MyWeather.xml) | Window.IsVisible(MyPVRChannels.xml) | Window.IsVisible(MyPVRGuide.xml) | Window.IsVisible(MyPVRRecordings.xml) | Window.IsVisible(MyPVRTimers.xml) | Window.IsVisible(MyPVRSearch.xml) | Window.IsVisible(MyPlaylist.xml) | Window.IsVisible(AddonBrowser.xml) | Window.IsVisible(MyPrograms.xml) | Window.IsVisible(MyPics.xml) | Window.IsVisible(MyMusicNav.xml) | Window.IsVisible(MyVideoNav.xml)]">50</onright>
                        <onright condition="Window.IsVisible(script-NextAired-TVGuide.xml) | Window.IsVisible(script-NextAired-TVGuide2.xml)">9500</onright>

                        <include>Global_Overlay</include>
                        <include>Defs_InfoDialog_Visible</include>
                        <include>Home_OnFocus</include>
                        <include condition="!Skin.HasSetting(DisableMenuVertLabel) + Window.IsVisible(Home) + !Window.IsVisible(script-globalsearch-main.xml)">Home_MainMenu_Items</include>
                        <include condition="!Skin.HasSetting(DisableMenuVertLabel) + ![Window.IsVisible(script-NextAired-TVGuide.xml) | Window.IsVisible(script-NextAired-TVGuide2.xml) | Window.IsVisible(MyWeather.xml) | Window.IsVisible(MyPVRChannels.xml) | Window.IsVisible(MyPVRGuide.xml) | Window.IsVisible(MyPVRRecordings.xml) | Window.IsVisible(MyPVRTimers.xml) | Window.IsVisible(MyPVRSearch.xml) | Window.IsVisible(MyPlaylist.xml) | Window.IsVisible(AddonBrowser.xml) | Window.IsVisible(MyPrograms.xml) | Window.IsVisible(MyPics.xml) | Window.IsVisible(MyMusicNav.xml) | Window.IsVisible(MyVideoNav.xml)]">Home_MainMenu_Layout</include>
                        <include condition="[Window.IsVisible(script-NextAired-TVGuide.xml) | Window.IsVisible(script-NextAired-TVGuide2.xml) | Window.IsVisible(MyWeather.xml) | Window.IsVisible(MyPVRChannels.xml) | Window.IsVisible(MyPVRGuide.xml) | Window.IsVisible(MyPVRRecordings.xml) | Window.IsVisible(MyPVRTimers.xml) | Window.IsVisible(MyPVRSearch.xml) | Window.IsVisible(MyPlaylist.xml) | Window.IsVisible(AddonBrowser.xml) | Window.IsVisible(MyPrograms.xml) | Window.IsVisible(MyPics.xml) | Window.IsVisible(MyMusicNav.xml) | Window.IsVisible(MyVideoNav.xml)]">Home_VideoInfo_Layout</include>
                    </control>

                    <control type="group">
                        <top>view_top</top>
                        <include>Home_Separator</include>
                    </control>
                </control>
            </control>
        </control>
        <include>Object_PlotOverlay</include>
    </include>

    <include name="Home_Textbar_Bottomline">
        <control type="image">
            <bottom>0</bottom>
            <height>2</height>
            <right>6</right>
            <include>Animation_FadeOut_Delay</include>
            <texture colordiffuse="darkline_separator">common/white.png</texture>
            <visible>[[Control.HasFocus(3901) | Control.HasFocus(3902) | Control.HasFocus(3903) | Control.HasFocus(3904) | Control.HasFocus(300)] + Integer.IsGreater(Container(300).NumItems,11)] | [Control.HasFocus(302) + Integer.IsGreater(Container(302).NumItems,11)]</visible>
        </control>
    </include>
    <include name="Home_MainMenu_GlobalSearch">
        <content>
            <item>
                <icon>special://skin/extras/icons/search.png</icon>
                <label>$LOCALIZE[137]</label>
                <onclick>SendClick(198)</onclick>
            </item>
        </content>
    </include>


    <include name="Home_Separator">
        <param name="visible" default="true" />
        <definition>
            <control type="group">
		<visible>Skin.HasSetting(IconOnlyMode) + [Control.HasFocus(300) | Control.HasFocus(302) | Control.HasFocus(3901) | Control.HasFocus(3902) | Control.HasFocus(3903) | Control.HasFocus(3904)]</visible>
                <height>home_icon</height>
                <control type="group">
                    <visible>$PARAM[visible]</visible>
                    <include>Animation_FadeOut_Delay</include>
                    <include>Animation_FadeIn_Delay</include>
                    <control type="image">
                        <width>100%</width>
                        <height>1</height>
                        <top>0</top>
                        <texture colordiffuse="darkline_separator">common/white.png</texture>
                    </control>
                    <control type="image">
                        <width>100%</width>
                        <height>1</height>
                        <top>1</top>
                        <texture colordiffuse="highlight_bottombar">common/white.png</texture>
                    </control>
                </control>
            </control>
        </definition>
    </include>

    <include name="Home_Textbar_Item">
        <control type="group">
            <height>home_icon</height>
            <visible>!String.IsEmpty(Container(300).ListItemPosition($PARAM[id]).Label) | !String.IsEmpty(Container(300).ListItemPosition($PARAM[id]).Icon)</visible>
            <control type="group">
                <visible>[Control.HasFocus(3901) | Control.HasFocus(3902) | Control.HasFocus(3903) | Control.HasFocus(3904) | Control.HasFocus(300)]</visible>
                <include>Animation_FadeOut_Delay</include>
                <control type="image">
                    <visible>String.IsEqual(Container(300).ListItemPosition($PARAM[id]).Label,Container(300).ListItem.Label)</visible>
                    <texture colordiffuse="$VAR[ColorHighlight]">common/white.png</texture>
                    <visible>![Control.HasFocus(3901) | Control.HasFocus(3902) | Control.HasFocus(3903) | Control.HasFocus(3904)]</visible>
                </control>
                <control type="image">
                    <visible>String.IsEqual(Container(300).ListItemPosition($PARAM[id]).Label,Container(300).ListItem.Label)</visible>
                    <visible>![Control.HasFocus(3901) | Control.HasFocus(3902) | Control.HasFocus(3903) | Control.HasFocus(3904)]</visible>
                </control>
                <include content="Home_Separator">
                    <param name="visible" value="[Control.HasFocus(3901) | Control.HasFocus(3902) | Control.HasFocus(3903) | Control.HasFocus(3904) | Control.HasFocus(300)]" />
                </include>
                <control type="image">
                    <visible>String.IsEqual(Container(300).ListItemPosition($PARAM[id]).Label,Container(300).ListItem.Label)</visible>
                    <left>8</left>
                    <width>home_icon</width>
                    <texture colordiffuse="Selected">common/home-indicator.png</texture>
                    <visible>Skin.HasSetting(SubmenuIndicator)</visible>
                    <visible>Window.IsVisible(Home)</visible>
                    <visible>[Control.HasFocus(3901) | Control.HasFocus(3902) | Control.HasFocus(3903) | Control.HasFocus(3904) | Control.HasFocus(300)]</visible>
                    <visible>Skin.HasSetting(IconOnlyMode)</visible>
                    <visible>!Skin.HasSetting(DisableSubMenu)</visible>
                    <visible>Integer.IsGreater(Container(302).NumItems,0)</visible>
                </control>
            </control>

            <include content="Home_Textbar_Item_Label" condition="![Window.IsVisible(script-NextAired-TVGuide.xml) | Window.IsVisible(script-NextAired-TVGuide2.xml) | Window.IsVisible(MyWeather.xml) | Window.IsVisible(MyPVRChannels.xml) | Window.IsVisible(MyPVRGuide.xml) | Window.IsVisible(MyPVRRecordings.xml) | Window.IsVisible(MyPVRTimers.xml) | Window.IsVisible(MyPVRSearch.xml) | Window.IsVisible(MyPlaylist.xml) | Window.IsVisible(AddonBrowser.xml) | Window.IsVisible(MyPrograms.xml) | Window.IsVisible(MyPics.xml) | Window.IsVisible(MyMusicNav.xml) | Window.IsVisible(MyVideoNav.xml) | Window.IsVisible(DialogVideoInfo.xml) | Window.IsVisible(DialogMusicInfo.xml) | Window.IsVisible(DialogAddonInfo.xml) | Window.IsVisible(script-script.extendedinfo-DialogVideoInfo.xml) | Window.IsVisible(script-script.extendedinfo-DialogInfo.xml)]">
                <param name="id" value="$PARAM[id]" />
                <param name="font" value="font_mainmenu" />
            </include>
            <include content="Home_Textbar_Item_Label" condition="[Window.IsVisible(script-NextAired-TVGuide.xml) | Window.IsVisible(script-NextAired-TVGuide2.xml) | Window.IsVisible(MyWeather.xml) | Window.IsVisible(MyPVRChannels.xml) | Window.IsVisible(MyPVRGuide.xml) | Window.IsVisible(MyPVRRecordings.xml) | Window.IsVisible(MyPVRTimers.xml) | Window.IsVisible(MyPVRSearch.xml) | Window.IsVisible(MyPlaylist.xml) | Window.IsVisible(AddonBrowser.xml) | Window.IsVisible(MyPrograms.xml) | Window.IsVisible(MyPics.xml) | Window.IsVisible(MyMusicNav.xml) | Window.IsVisible(MyVideoNav.xml) | Window.IsVisible(DialogVideoInfo.xml) | Window.IsVisible(DialogMusicInfo.xml) | Window.IsVisible(DialogAddonInfo.xml) | Window.IsVisible(script-script.extendedinfo-DialogVideoInfo.xml) | Window.IsVisible(script-script.extendedinfo-DialogInfo.xml)]">
                <param name="id" value="$PARAM[id]" />
                <param name="font" value="font_submenu" />
            </include>
        </control>
    </include>

    <include name="Home_MainMenu_Layout_wLabel_texture">
   <control type="group">
      <width>310</width>
      <left>-315</left>
                <control type="image">
                    <left>0</left>
                    <height>100%</height>
                    <colordiffuse>89000000</colordiffuse>
                    <aspectratio>stretch</aspectratio>
                    <texture background="true">common/white.png</texture>
		    <visible>!Skin.HasSetting(DisableAuraHomeLayout)</visible>
                </control>
                <control type="image">
                    <left>0</left>
                    <height>100%</height>
                    <colordiffuse>FF000000</colordiffuse>
                    <aspectratio>stretch</aspectratio>
                    <texture background="true">common/white.png</texture>
		    <visible>Skin.HasSetting(DisableAuraHomeLayout)</visible>
                </control>
                <control type="image">
                    <left>311</left>
                    <height>100%</height>
                    <width>1</width>
                    <colordiffuse>dimgray</colordiffuse>
                    <aspectratio>stretch</aspectratio>
                    <texture background="true">diffuse/gradient_seperator.png</texture>
                </control>
</control>
</include>

    <include name="Home_MainMenu_Layout_wLabel">
	<control type="group">
       <animation effect="slide" start="0,0" end="310,0" time="500" condition="Control.HasFocus(300) | Control.HasFocus(400) | Control.HasFocus(401)">Conditional</animation>
       <animation effect="slide" start="0,0" end="70,0" time="500" 
							condition="ControlGroup(900).HasFocus | Control.HasFocus(30222) | Control.HasFocus(1505) | Control.HasFocus(1506) | ControlGroup(505).HasFocus | ControlGroup(505).HasFocus | 
								   [Control.HasFocus(13003) + [Integer.IsEqual(Container(13003).Position,0) + !Container(13003).HasPrevious]] |
								   [Control.HasFocus(23003) + [Integer.IsEqual(Container(23003).Position,0) + !Container(23003).HasPrevious]] |
								   [Control.HasFocus(33003) + [Integer.IsEqual(Container(33003).Position,0) + !Container(33003).HasPrevious]] |
								   [Control.HasFocus(43003) + [Integer.IsEqual(Container(43003).Position,0) + !Container(43003).HasPrevious]] |
                                                                   [Control.HasFocus(53003) + [Integer.IsEqual(Container(53003).Position,0) + !Container(53003).HasPrevious]] |
                                                                   [Control.HasFocus(63003) + [Integer.IsEqual(Container(63003).Position,0) + !Container(63003).HasPrevious]]" 
                                                                   >Conditional</animation>
  <include>Home_MainMenu_Layout_wLabel_texture</include>
		<control type="list" id="300">
		        <onfocus>ClearProperty(SpotReturnHome)</onfocus>
			<onfocus>ClearProperty(spothubscroll)</onfocus>
			<onfocus>SetProperty(SpotFocus,true,Home)</onfocus>
			<onfocus>Skin.Reset(TVHubMenuFocus)</onfocus>
			<onfocus>Skin.Reset(MovieHubMenuFocus)</onfocus>
			<onleft condition="Skin.HasSetting(DisableSubMenuVert) + Control.HasFocus(300) + String.IsEqual(Container(300).ListItem.Label,TV Shows)">SetFocus(400,0)</onleft>
			<onleft condition="Skin.HasSetting(DisableSubMenuVert) + Control.HasFocus(300) + String.IsEqual(Container(300).ListItem.Label,Movies)">SetFocus(401,0)</onleft>
			<onleft condition="Control.HasFocus(300) + Skin.HasSetting(DisableMenuVertFull)">302</onleft>
			<onleft condition="!String.IsEqual(Container(300).ListItem.Property(widgetinfospotlight),true) + Skin.HasSetting(DisableMenuVertFull) + !Integer.IsGreater(Container(30222).NumItems,0) + !Skin.HasSetting(IconOnlyMode) + !String.IsEqual(Container(300).ListItem.Property(widget),Weather) + !String.IsEqual(Container(300).ListItem.Property(widget),Settings) + !String.IsEqual(Container(300).ListItem.Property(widgetType),Settings Widget) + !String.IsEqual(Container(300).ListItem.Property(widgetType),Weather Widget)">302</onleft>
			<onleft condition="!Skin.HasSetting(DisableSubMenuVert) + !String.IsEqual(Container(300).ListItem.Property(widgetinfospotlight),true) + Integer.IsGreater(Container(30222).NumItems,0) + !Skin.HasSetting(IconOnlyMode) + !String.IsEqual(Container(300).ListItem.Property(widget),Weather) + !String.IsEqual(Container(300).ListItem.Property(widget),Settings) + !String.IsEqual(Container(300).ListItem.Property(widgetType),Settings Widget) + !String.IsEqual(Container(300).ListItem.Property(widgetType),Weather Widget)">30222</onleft>
			<onleft condition="Skin.HasSetting(DisableMenuVertFull) + Skin.HasSetting(IconOnlyMode) + !String.IsEqual(Container(300).ListItem.Property(widget),Weather) + !String.IsEqual(Container(300).ListItem.Property(widget),Settings) + !String.IsEqual(Container(300).ListItem.Property(widgetType),Settings Widget) + !String.IsEqual(Container(300).ListItem.Property(widgetType),Weather Widget)">302</onleft>

                        <onleft condition="[Window.IsVisible(MyVideoNav.xml) | Window.IsVisible(MyMusicNav.xml) | Window.IsVisible(MyWeather.xml) | Window.IsVisible(MyPics.xml) | Window.IsVisible(AddonBrowser.xml) | Window.IsVisible(MyPrograms.xml)] + !Window.IsVisible(script-globalsearch-main.xml)">9602</onleft>

			<onright condition="Skin.HasSetting(EnableSpotlight) + !Skin.HasSetting(DisableAuraHomeLayout) + Window.IsVisible(Home) + String.IsEqual(Container(300).ListItem.Label,Live TV)">901</onright>
			<onright condition="Window.IsVisible(Home) + [String.IsEqual(Container(300).ListItem.Property(widget),Settings) | String.IsEqual(Container(300).ListItem.Property(widgetType),Settings Widget)]">9967</onright>
			<onright condition="Window.IsVisible(Home) + [String.IsEqual(Container(300).ListItem.Property(widget),Weather) | String.IsEqual(Container(300).ListItem.Property(widgetType),Weather Widget)]">9966</onright>	
                        <onright condition="Window.IsVisible(script-globalsearch-main.xml)">9500</onright>
			<onright condition="Skin.HasSetting(EnableSpotlight) + $EXP[NextUpTVSpotlight] + String.IsEqual(Container(300).ListItem.Property(hasSubmenu),true) + Integer.IsGreater(Container(30222).NumItems,0)">30222</onright>
			<onright condition="Skin.HasSetting(EnableSpotlight) + $EXP[NextUpTVSpotlight] + !String.IsEqual(Container(300).ListItem.Property(hasSubmenu),true) | !Integer.IsGreater(Container(30222).NumItems,0)">330</onright>
                        <onright condition="Window.IsVisible(Home) + !Skin.HasSetting(DisableAuraHomeLayout) + Integer.IsGreater(Container(330).NumItems,0)">3000</onright>
                        <onright condition="Window.IsVisible(Home) + !Integer.IsGreater(Container(30222).NumItems,0) + Integer.IsGreater(Container(330).NumItems,0)">3000</onright>

                        <onright condition="Skin.HasSetting(EnableCatonFocus) + Window.IsVisible(Home) + Integer.IsGreater(Container(30222).NumItems,0)">30222</onright>
                        <onright condition="Skin.HasSetting(EnableCatonFocus) + Window.IsVisible(Home) + !Integer.IsGreater(Container(30222).NumItems,0)">3000</onright>
                        <onright condition="!Skin.HasSetting(EnableCatonFocus) + Window.IsVisible(Home) + Integer.IsGreater(Container(330).NumItems,0)">330</onright>
                        <onright condition="!Skin.HasSetting(EnableCatonFocus) + Window.IsVisible(Home) + Integer.IsGreater(Container(30222).NumItems,0) + !Integer.IsGreater(Container(330).NumItems,0)">30222</onright>
                        <onright condition="Window.IsVisible(SettingsProfile.xml)">4</onright>
                        <onright condition="Window.IsVisible(SettingsCategory.xml)">3</onright>
                        <onright condition="Window.IsVisible(SkinSettings.xml)">9100</onright>
                        <onright condition="Window.IsVisible(SettingsSystemInfo.xml)">50</onright>
                        <onleft>300</onleft>
                        <onright condition="[Window.IsVisible(MyWeather.xml) | Window.IsVisible(MyPVRChannels.xml) | Window.IsVisible(MyPVRGuide.xml) | Window.IsVisible(MyPVRRecordings.xml) | Window.IsVisible(MyPVRTimers.xml) | Window.IsVisible(MyPVRSearch.xml) | Window.IsVisible(MyPlaylist.xml) | Window.IsVisible(AddonBrowser.xml) | Window.IsVisible(MyPrograms.xml) | Window.IsVisible(MyPics.xml) | Window.IsVisible(MyMusicNav.xml) | Window.IsVisible(MyVideoNav.xml)]">50</onright>
                        <onright condition="Window.IsVisible(script-NextAired-TVGuide.xml) | Window.IsVisible(script-NextAired-TVGuide2.xml)">9500</onright>
		        <onright>ClearProperty(spotback)</onright>

                        <include>Global_Overlay</include>
                        <include>Defs_InfoDialog_Visible</include>

                <top>300</top>
                <width>310</width>
		<include>IconOnly_Height</include>
	        <preloaditems>2</preloaditems>
       	        <orientation>vertical</orientation>
        	<scrolltime>0</scrolltime>
		<left>-310</left>

        <itemlayout height="75" width="240">
            <control type="image">
		<left>240</left>
                <width>home_icon</width>
                <texture colordiffuse="main_fg_30">$INFO[ListItem.Icon]</texture>
            </control>
	    <control type="label">
	       <label>$INFO[ListItem.Label]</label>
               <shadowcolor>darkgrey</shadowcolor>
               <textcolor>dimgrey</textcolor>
	       <width>200</width> 
	       <left>40</left>
	       <font>font_small</font>
	    </control>
        </itemlayout>
        <focusedlayout height="75" width="240">
            <control type="image">
                [[Control.HasFocus(23003) + String.IsEqual(Container(23003).Position,0)] | [Control.HasFocus(23004) + String.IsEqual(Container(23004).Position,0)] | [Control.HasFocus(23005) + String.IsEqual(Container(23005).Position,0)]]<left>240</left>
                <width>home_icon</width>
                <texture colordiffuse="main_fg_100">$INFO[ListItem.Icon]</texture>
            </control>
            <control type="label">
               <label>$INFO[ListItem.Label]</label>
               <width>200</width>
	       <shadowcolor>grey</shadowcolor>
	       <textcolor>white</textcolor>
	       <left>40</left>
	       <font>font_medium_bold</font>
            </control>
            <control type="group">
                <left>240</left>
                <width>6</width>
                <control type="image">
                    <texture colordiffuse="red">common/white.png</texture>
                </control>
            </control>
        </focusedlayout>
		<content>
		<include>skinshortcuts-mainmenu</include>
		</content>
	</control>
	</control>
    </include>


    <include name="Topbar_new">
	<control type="group">
		<control type="list" id="300">
			<ondown>3000</ondown>
			<onfocus>Skin.SetString(SpotFocus,false)</onfocus>
			<onfocus>Skin.Reset(TVHubMenuFocus)</onfocus>
			<onfocus>Skin.Reset(MovieHubMenuFocus)</onfocus>
			<onleft condition="Skin.HasSetting(DisableSubMenuVert) + Control.HasFocus(300) + String.IsEqual(Container(300).ListItem.Label,TV Shows)">SetFocus(400,0)</onleft>
			<onleft condition="Skin.HasSetting(DisableSubMenuVert) + Control.HasFocus(300) + String.IsEqual(Container(300).ListItem.Label,Movies)">SetFocus(401,0)</onleft>
			<onleft condition="Control.HasFocus(300) + Skin.HasSetting(DisableMenuVertFull)">302</onleft>
			<onleft condition="!String.IsEqual(Container(300).ListItem.Property(widgetinfospotlight),true) + Skin.HasSetting(DisableMenuVertFull) + !Integer.IsGreater(Container(30222).NumItems,0) + !Skin.HasSetting(IconOnlyMode) + !String.IsEqual(Container(300).ListItem.Property(widget),Weather) + !String.IsEqual(Container(300).ListItem.Property(widget),Settings) + !String.IsEqual(Container(300).ListItem.Property(widgetType),Settings Widget) + !String.IsEqual(Container(300).ListItem.Property(widgetType),Weather Widget)">302</onleft>
			<onleft condition="!Skin.HasSetting(DisableSubMenuVert) + !String.IsEqual(Container(300).ListItem.Property(widgetinfospotlight),true) + Integer.IsGreater(Container(30222).NumItems,0) + !Skin.HasSetting(IconOnlyMode) + !String.IsEqual(Container(300).ListItem.Property(widget),Weather) + !String.IsEqual(Container(300).ListItem.Property(widget),Settings) + !String.IsEqual(Container(300).ListItem.Property(widgetType),Settings Widget) + !String.IsEqual(Container(300).ListItem.Property(widgetType),Weather Widget)">30222</onleft>
			<onleft condition="Skin.HasSetting(DisableMenuVertFull) + Skin.HasSetting(IconOnlyMode) + !String.IsEqual(Container(300).ListItem.Property(widget),Weather) + !String.IsEqual(Container(300).ListItem.Property(widget),Settings) + !String.IsEqual(Container(300).ListItem.Property(widgetType),Settings Widget) + !String.IsEqual(Container(300).ListItem.Property(widgetType),Weather Widget)">302</onleft>

                        <onleft condition="[Window.IsVisible(MyVideoNav.xml) | Window.IsVisible(MyMusicNav.xml) | Window.IsVisible(MyWeather.xml) | Window.IsVisible(MyPics.xml) | Window.IsVisible(AddonBrowser.xml) | Window.IsVisible(MyPrograms.xml)] + !Window.IsVisible(script-globalsearch-main.xml)">9602</onleft>

			<onright condition="!Skin.HasSetting(DisableAuraHomeLayout) + Window.IsVisible(Home) + String.IsEqual(Container(300).ListItem.Label,Live TV)">901</onright>
			<onright condition="Window.IsVisible(Home) + [String.IsEqual(Container(300).ListItem.Property(widget),Settings) | String.IsEqual(Container(300).ListItem.Property(widgetType),Settings Widget)]">9967</onright>
			<onright condition="Window.IsVisible(Home) + [String.IsEqual(Container(300).ListItem.Property(widget),Weather) | String.IsEqual(Container(300).ListItem.Property(widgetType),Weather Widget)]">9966</onright>	
                        <onright condition="Window.IsVisible(script-globalsearch-main.xml)">9500</onright>
                        <onright condition="Window.IsVisible(Home) + !Skin.HasSetting(DisableAuraHomeLayout) + Integer.IsGreater(Container(330).NumItems,0)">3000</onright>
                        <onright condition="Window.IsVisible(Home) + !Integer.IsGreater(Container(30222).NumItems,0) + Integer.IsGreater(Container(330).NumItems,0)">3000</onright>

                        <onright condition="Skin.HasSetting(EnableCatonFocus) + Window.IsVisible(Home) + Integer.IsGreater(Container(30222).NumItems,0)">30222</onright>
                        <onright condition="Skin.HasSetting(EnableCatonFocus) + Window.IsVisible(Home) + !Integer.IsGreater(Container(30222).NumItems,0)">3000</onright>
                        <onright condition="!Skin.HasSetting(EnableCatonFocus) + Window.IsVisible(Home) + Integer.IsGreater(Container(330).NumItems,0)">330</onright>
                        <onright condition="!Skin.HasSetting(EnableCatonFocus) + Window.IsVisible(Home) + Integer.IsGreater(Container(30222).NumItems,0) + !Integer.IsGreater(Container(330).NumItems,0)">30222</onright>
                        <onright condition="Window.IsVisible(SettingsProfile.xml)">4</onright>
                        <onright condition="Window.IsVisible(SettingsCategory.xml)">3</onright>
                        <onright condition="Window.IsVisible(SkinSettings.xml)">9100</onright>
                        <onright condition="Window.IsVisible(SettingsSystemInfo.xml)">50</onright>
                        <onleft>300</onleft>
                        <onright condition="[Window.IsVisible(MyWeather.xml) | Window.IsVisible(MyPVRChannels.xml) | Window.IsVisible(MyPVRGuide.xml) | Window.IsVisible(MyPVRRecordings.xml) | Window.IsVisible(MyPVRTimers.xml) | Window.IsVisible(MyPVRSearch.xml) | Window.IsVisible(MyPlaylist.xml) | Window.IsVisible(AddonBrowser.xml) | Window.IsVisible(MyPrograms.xml) | Window.IsVisible(MyPics.xml) | Window.IsVisible(MyMusicNav.xml) | Window.IsVisible(MyVideoNav.xml)]">50</onright>
                        <onright condition="Window.IsVisible(script-NextAired-TVGuide.xml) | Window.IsVisible(script-NextAired-TVGuide2.xml)">9500</onright>


                <top>20</top>
                <width>1810</width>
		<include>IconOnly_Height</include>
	        <preloaditems>2</preloaditems>
       	        <orientation>horizontal</orientation>
        	<scrolltime>0</scrolltime>
		<left>0</left>

        <itemlayout height="75" width="140">
	    <control type="label">
	       <label>$INFO[ListItem.Label]</label>
               <shadowcolor>darkgrey</shadowcolor>
               <textcolor>dimgrey</textcolor>
	       <width>200</width> 
	       <left>40</left>
	       <font>font_small</font>
	    </control>
        </itemlayout>
        <focusedlayout height="75" width="180">
            <control type="label">
               <label>$INFO[ListItem.Label]</label>
               <width>200</width>
	       <shadowcolor>grey</shadowcolor>
	       <textcolor>white</textcolor>
	       <left>40</left>
	       <font>font_medium_bold</font>
            </control>
        </focusedlayout>
		<content>
		<include>skinshortcuts-mainmenu</include>
		</content>
	</control>
	</control>
    </include>





    <include name="Home_Textbar_Item_Label">
        <param name="font" default="font_mainmenu" />
        <definition>
            <control type="group">
                <control type="label">
                    <left>30</left>
                    <font>$PARAM[font]</font>
                    <textcolor>dialog_fg_100</textcolor>
                    <label>$INFO[Container(300).ListItemPosition($PARAM[id]).Label]</label>
                    <visible>!String.IsEqual(Container(300).ListItemPosition($PARAM[id]).Label,Container(300).ListItem.Label) | Control.HasFocus(3901) | Control.HasFocus(3902) | Control.HasFocus(3903) | Control.HasFocus(3904)</visible>
                </control>
                <control type="label">
                    <left>30</left>
                    <right>40</right>
                    <font>$PARAM[font]_bold</font>
                    <align>left</align>
                    <textcolor>Selected</textcolor>
                    <label>$INFO[Container(300).ListItemPosition($PARAM[id]).Label]</label>
                    <visible>String.IsEqual(Container(300).ListItemPosition($PARAM[id]).Label,Container(300).ListItem.Label) + ![Control.HasFocus(3901) | Control.HasFocus(3902) | Control.HasFocus(3903) | Control.HasFocus(3904)]</visible>
                </control>
            </control>
        </definition>
    </include>
    <!-- Full menu top icons -->
    <include name="Home_Textbar_Items">
        <control type="group">
            <height>topbar_height</height>
            <control type="button" id="3904">
                <left>-89</left>
                <height>100%</height>
                <width>400</width>
            </control>
            <control type="grouplist">
                <centertop>50%</centertop>
                <height>home_icon</height>
                <orientation>horizontal</orientation>
                <align>center</align>
                <itemgap>12</itemgap>
                <visible>Skin.HasSetting(IconOnlyMode)</visible>
                <control type="group">
                    <width>home_icon</width>
                    <height>home_icon</height>
                    <control type="button" id="3901">
                        <onleft>3903</onleft>
                        <onright>3902</onright>
                        <ondown>SetFocus(300,0)</ondown>
                        <onup>SetFocus(300,12)</onup>
                        <left>6</left>
                        <right>6</right>
                        <top>6</top>
                        <bottom>6</bottom>
                        <texturefocus colordiffuse="$VAR[ColorHighlight]">common/circle.png</texturefocus>
                        <texturenofocus />
                        <onclick>Dialog.Close(all,force)</onclick>
                        <onclick>ActivateWindow(1138)</onclick>
                    </control>
                    <control type="image">
                        <texture colordiffuse="Selected">special://skin/extras/icons/search.png</texture>
                        <visible>Control.HasFocus(3901)</visible>
                    </control>
                    <control type="image">
                        <texture colordiffuse="dialog_fg_70">special://skin/extras/icons/search.png</texture>
                        <visible>!Control.HasFocus(3901)</visible>
                    </control>
                </control>
                <control type="group">
	            <visible>Skin.HasSetting(IconOnlyMode) + [Control.HasFocus(300) | Control.HasFocus(3901) | Control.HasFocus(3902) | Control.HasFocus(3903) | Control.HasFocus(3904)]</visible>
                    <width>home_icon</width>
                    <height>home_icon</height>
                    <control type="button" id="3902">
                        <onleft>3901</onleft>
                        <onright>3903</onright>
                        <ondown>SetFocus(300,0)</ondown>
                        <onup>SetFocus(300,12)</onup>
                        <left>6</left>
                        <right>6</right>
                        <top>6</top>
                        <bottom>6</bottom>
                        <texturefocus colordiffuse="$VAR[ColorHighlight]">common/circle.png</texturefocus>
                        <texturenofocus />
                        <onclick>Dialog.Close(all,force)</onclick>
                        <onclick condition="Window.IsVisible(Home)">ActivateWindow(Settings)</onclick>
                        <onclick condition="!Window.IsVisible(Home)">ActivateWindow(Home)</onclick>
                    </control>
                    <control type="image">
                        <texture colordiffuse="Selected">special://skin/extras/icons/settings.png</texture>
                        <visible>Control.HasFocus(3902)</visible>
                        <visible>Window.IsVisible(Home)</visible>
                    </control>
                    <control type="image">
                        <texture colordiffuse="dialog_fg_70">special://skin/extras/icons/settings.png</texture>
                        <visible>!Control.HasFocus(3902)</visible>
                        <visible>Window.IsVisible(Home)</visible>
                    </control>
                    <control type="image">
                        <texture colordiffuse="Selected">special://skin/extras/icons/home.png</texture>
                        <visible>Control.HasFocus(3902)</visible>
                        <visible>!Window.IsVisible(Home)</visible>
                    </control>
                    <control type="image">
                        <texture colordiffuse="dialog_fg_70">special://skin/extras/icons/home.png</texture>
                        <visible>!Control.HasFocus(3902)</visible>
                        <visible>!Window.IsVisible(Home)</visible>
                    </control>
                </control>
                <control type="group">
                    <width>home_icon</width>
                    <height>home_icon</height>
                    <control type="button" id="3903">
                        <onleft>3902</onleft>
                        <onright>3901</onright>
                        <ondown>SetFocus(300,0)</ondown>
                        <onup>SetFocus(300,12)</onup>
                        <onclick>ActivateWindow(shutdownmenu)</onclick>
                        <left>6</left>
                        <right>6</right>
                        <top>6</top>
                        <bottom>6</bottom>
                        <texturefocus colordiffuse="$VAR[ColorHighlight]">common/circle.png</texturefocus>
                        <texturenofocus />
                    </control>
                    <control type="image">
                        <texture colordiffuse="Selected">special://skin/extras/icons/power.png</texture>
                        <visible>Control.HasFocus(3903)</visible>
                    </control>
                    <control type="image">
                        <texture colordiffuse="dialog_fg_70">special://skin/extras/icons/power.png</texture>
                        <visible>!Control.HasFocus(3903)</visible>
                    </control>
                </control>
            </control>
        </control>
        <control type="grouplist">
            <top>view_top</top>
            <right>6</right>
            <left>0</left>
            <orientation>vertical</orientation>
            <itemgap>0</itemgap>
        <include condition="!Skin.HasSetting(IconOnlyMode) | [!Control.HasFocus(300) + Skin.HasSetting(IconOnlyMode)]">IconOnly_Height</include>

            <visible>Skin.HasSetting(IconOnlyMode) + [Control.HasFocus(300) | Control.HasFocus(3901) | Control.HasFocus(3902) | Control.HasFocus(3903) | Control.HasFocus(3904)]</visible>
            <include content="Home_Textbar_Item">
                <param name="id" value="0" />
            </include>
            <include content="Home_Textbar_Item">
                <param name="id" value="1" />
            </include>
            <include content="Home_Textbar_Item">
                <param name="id" value="2" />
            </include>
            <include content="Home_Textbar_Item">
                <param name="id" value="3" />
            </include>
            <include content="Home_Textbar_Item">
                <param name="id" value="4" />
            </include>
            <include content="Home_Textbar_Item">
                <param name="id" value="5" />
            </include>
            <include content="Home_Textbar_Item">
                <param name="id" value="6" />
            </include>
            <include content="Home_Textbar_Item">
                <param name="id" value="7" />
            </include>
            <include content="Home_Textbar_Item">
                <param name="id" value="8" />
            </include>
            <include content="Home_Textbar_Item">
                <param name="id" value="9" />
            </include>
            <include content="Home_Textbar_Item">
                <param name="id" value="10" />
            </include>
            <include content="Home_Textbar_Item">
                <param name="id" value="11" />
            </include>
            <include content="Home_Separator">
                <param name="visible" value="[Control.HasFocus(3901) | Control.HasFocus(3902) | Control.HasFocus(3903) | Control.HasFocus(3904) | Control.HasFocus(302)]" />
            </include>
        </control>
    </include>

    <include name="Home_SwitchFocusButton">
        <control type="button">
            <visible allowhiddenfocus="true">false</visible>
            <width>1</width>
            <height>1</height>
            <onfocus condition="$EXP[Home_SwitchFocusButton_Expression] + Container(300).Position(0)">SetFocus(3002)</onfocus>
            <onfocus condition="$EXP[Home_SwitchFocusButton_Expression] + Container(300).Position(1)">SetFocus(13002)</onfocus>
            <onfocus condition="$EXP[Home_SwitchFocusButton_Expression] + Container(300).Position(2)">SetFocus(23002)</onfocus>
            <onfocus condition="$EXP[Home_SwitchFocusButton_Expression] + Container(300).Position(3)">SetFocus(33002)</onfocus>
            <onfocus condition="$EXP[Home_SwitchFocusButton_Expression] + Container(300).Position(4)">SetFocus(43002)</onfocus>
            <onfocus condition="$EXP[Home_SwitchFocusButton_Expression] + Container(300).Position(5)">SetFocus(53002)</onfocus>
            <onfocus condition="$EXP[Home_SwitchFocusButton_Expression] + Container(300).Position(6)">SetFocus(63002)</onfocus>
            <onfocus condition="$EXP[Home_SwitchFocusButton_Expression] + Container(300).Position(7)">SetFocus(73002)</onfocus>
            <onfocus condition="$EXP[Home_SwitchFocusButton_Expression] + Container(300).Position(8)">SetFocus(83002)</onfocus>
            <onfocus condition="$EXP[Home_SwitchFocusButton_Expression] + Container(300).Position(9)">SetFocus(93002)</onfocus>
            <onfocus condition="$EXP[Home_SwitchFocusButton_Expression] + Container(300).Position(10)">SetFocus(103002)</onfocus>
            <onfocus condition="$EXP[Home_SwitchFocusButton_Expression] + Container(300).Position(11)">SetFocus(113002)</onfocus>
            <onfocus condition="$EXP[Home_SwitchFocusButton_Expression]">SetFocus(300)</onfocus>
        </control>
    </include>

    <expression name="Home_SwitchFocusButton_Expression">!Window.Next(programs) + !Window.Next(pictures) + !Window.Next(filemanager) + !Window.Next(settings) + !Window.Next(systeminfo) + !Window.Next(testpattern) + !Window.Next(screencalibration) + !Window.Next(SettingsCategory.xml) + !Window.Next(MyVideoNav.xml) + !Window.Next(MyMusicNav.xml) + !Window.Next(MyPlaylist.xml) + !Window.Next(loginscreen) + !Window.Next(profiles) + !Window.Next(skinsetting) + !Window.Next(addonbrowser) + !Window.Next(eventlog) + !Window.Next(favourites) + !Window.Next(MyPVRChannels.xml) + !Window.Next(MyPVRRecordings.xml) + !Window.Next(MyPVRTimers.xml) + !Window.Next(MyPVRSearch.xml) + !Window.Next(MyPVRGuide.xml) + !Window.Next(MyGames.xml) + !Window.Next(VideoFullScreen.xml) + !Window.Next(MyWeather.xml) + !Window.Next(SlideShow.xml) + !Window.Next(Startup.xml) + !Window.Next(MusicVisualisation.xml)</expression>

    <include name="Home_TVHubMenu_Layout">
      <control type="group">

      <animation effect="slide" end="220,0" time="500" condition="Control.HasFocus(400)">Conditional</animation>
      <animation effect="slide" end="-220,0" time="0" condition="!Window.IsVisible(Home) + String.IsEmpty(Skin.String(TVHubMenuFocus))">Conditional</animation>
      <animation effect="slide" end="-220,0" time="800">Hidden</animation>
      <animation effect="slide" end="-100,0" time="300" condition="ControlGroup(5055).HasFocus">Conditional</animation>
      <visible allowhiddenfocus="true">Control.HasFocus(505) | ControlGroup(5055).HasFocus | Control.HasFocus(400)</visible>
<control type="group">
      <width>310</width>
      <left>-220</left>
      <control type="image">
            <texture>common/gradient-solid-horizontal.png</texture>
            <include>Defs_DarkShadow</include>
        </control>
        <control type="image">
            <right>6</right>
            <texture colordiffuse="dimgrey">common/white.png</texture>
        </control>
        <control type="image">
            <right>6</right>
            <texture colordiffuse="$VAR[ColorOverlay]">common/white.png</texture>
            <animation effect="fade" start="100" end="5" condition="true">Conditional</animation>
            <visible>!String.IsEmpty(Skin.String(overlaycolor.name))</visible>
            <visible>String.IsEqual(Skin.CurrentColourTheme,Dark Dialogs)</visible>
        </control>
        <control type="image">

            <width>1</width>
            <right>4</right>
            <texture colordiffuse="highlight_bottombar">common/white.png</texture>
        </control>
        <control type="image">
            <width>1</width>
            <right>5</right>
            <texture colordiffuse="darkline_separator">common/white.png</texture>
        </control>
</control>

	<control type="list" id="400">
                <top>300</top>
                <width>440</width>
		<include>IconOnly_Height</include>
	        <preloaditems>2</preloaditems>
       	        <orientation>vertical</orientation>
        	<scrolltime>0</scrolltime>
                <onright condition="Window.IsVisible(3910)">SetFocus(5055)</onright>
		<onright condition="!Window.IsVisible(Home) + !Window.IsVisible(3910)">505</onright>
		<onright condition="Window.IsVisible(Home)">Skin.Reset(TVHubMenuFocus)</onright>
		<onright condition="Window.IsVisible(Home)">SetFocus(300)</onright>
		<onleft condition="Window.IsVisible(Home)">300</onleft>
                <onback>Skin.Reset(TVHubMenuFocus)</onback>
	        <onback>ActivateWindow(Home)</onback>
		<left>-200</left>

        <itemlayout height="home_icon" width="240">
            <control type="image">
		<left>210</left>
                <width>home_icon</width>
                <texture colordiffuse="main_fg_30">$INFO[ListItem.Icon]</texture>
            </control>
	    <control type="label">
	       <label>$INFO[ListItem.Label]</label>
	       <width>200</width> 
	       <shadowcolor>darkgrey</shadowcolor>
	    </control>
        </itemlayout>
        <focusedlayout height="home_icon" width="240">
            <control type="image">
                <left>210</left>
                <width>home_icon</width>
                <texture colordiffuse="main_fg_100">$INFO[ListItem.Icon]</texture>
            </control>
            <control type="label">
               <label>$INFO[ListItem.Label]</label>
               <width>200</width>
	       <textcolor>white</textcolor>
	       <shadowcolor>darkgrey</shadowcolor>
            </control>
            <control type="group">
                <left>281</left>
                <width>6</width>
                <control type="image">
                    <texture background="true" colordiffuse="$VAR[ColorHighlight]">common/white.png</texture>
                </control>
            </control>
            <control type="button">
	      <visible allowhiddenfocus="true">false</visible>
              <onfocus>Skin.SetString(TVHubMenuFocus,$INFO[Container(400).Position])</onfocus>
	      <onfocus condition="String.IsEqual(ListItem.Label,Home) + !Window.IsVisible(Home)">ActivateWindow(Home)</onfocus>
	      <onfocus condition="String.IsEqual(ListItem.Label,TV Categories) + !Window.IsVisible(2114)">ActivateWindow(2114)</onfocus>
	      <onfocus condition="String.IsEqual(ListItem.Label,TV Genres) + !Window.IsVisible(4020)">ActivateWindow(4020)</onfocus>
	      <onfocus condition="String.IsEqual(ListItem.Label,TV Networks) + !Window.IsVisible(2118)">ActivateWindow(2118)</onfocus>
	      <onfocus condition="String.IsEqual(ListItem.Label,TV Hub) + !Window.IsVisible(3910)">ActivateWindow(3910)</onfocus>
	      </control>
        </focusedlayout>
		<content>
                    <item id="1">
                        <label>Home</label>
                        <onclick>activatewindow(Home)</onclick>
                        <onclick>SetFocus(400,0,absolute)</onclick>
                        <icon>special://skin/extras/icons/home.png</icon>
                    </item>
                    <item id="2">
                        <label>TV Categories</label>
                        <onclick>activatewindow(2114)</onclick>
                        <icon>special://skin/extras/icons/tv.png</icon>
			<visible>!Skin.HasSetting(DisableMenuTVCat)</visible>
                    </item>
                    <item id="3">
                        <label>TV Genres</label>
                        <onclick>activatewindow(4020)</onclick>
                        <icon>special://skin/extras/icons/genre.png</icon>
                        <visible>!Skin.HasSetting(DisableMenuTVGenre)</visible>
                    </item>
                    <item id="4">
                        <label>TV Networks</label>
                        <onclick>activatewindow(2118)</onclick>
                        <icon>special://skin/media/exuary/networks.png</icon>
                        <visible>!Skin.HasSetting(DisableMenuTVNetworks)</visible>
                    </item>
                    <item id="5">
                        <label>TV Hub</label>
                        <onclick>activatewindow(3910)</onclick>
                        <icon>special://skin/extras/icons/infinity.png</icon>
                        <visible>!Skin.HasSetting(DisableMenuTVHub)</visible>
                    </item>
		</content>
     </control>
     </control>
    </include>





    <include name="Home_MovieHubMenu_Layout">
      <control type="group">
      <animation effect="slide" end="220,0" time="500" condition="Control.HasFocus(401)">Conditional</animation>
      <animation effect="slide" end="-220,0" time="0" condition="!Window.IsVisible(Home) + String.IsEmpty(Skin.String(MovieHubMenuFocus))">Conditional</animation>
      <animation effect="slide" end="-220,0" time="800">Hidden</animation>
      <animation effect="slide" end="-100,0" time="300" condition="ControlGroup(5055).HasFocus">Conditional</animation>
      <visible allowhiddenfocus="true">Control.HasFocus(505) | ControlGroup(5055).HasFocus | Control.HasFocus(401)</visible>
<control type="group">
      <width>310</width>
      <left>-220</left>
      <control type="image">
            <texture>common/gradient-solid-horizontal.png</texture>
            <include>Defs_DarkShadow</include>
        </control>
        <control type="image">
            <right>6</right>
            <texture colordiffuse="dimgrey">common/white.png</texture>
        </control>
        <control type="image">
            <right>6</right>
            <texture colordiffuse="$VAR[ColorOverlay]">common/white.png</texture>
            <animation effect="fade" start="100" end="5" condition="true">Conditional</animation>
            <visible>!String.IsEmpty(Skin.String(overlaycolor.name))</visible>
            <visible>String.IsEqual(Skin.CurrentColourTheme,Dark Dialogs)</visible>
        </control>
        <control type="image">

            <width>1</width>
            <right>4</right>
            <texture colordiffuse="highlight_bottombar">common/white.png</texture>
        </control>
        <control type="image">
            <width>1</width>
            <right>5</right>
            <texture colordiffuse="darkline_separator">common/white.png</texture>
        </control>
</control>
	<control type="list" id="401">
                <top>300</top>
                <width>440</width>
		<include>IconOnly_Height</include>
	        <preloaditems>2</preloaditems>
       	        <orientation>vertical</orientation>
        	<scrolltime>0</scrolltime>
		<onright condition="!Window.IsVisible(3920)">505</onright>
		<onright condition="Window.IsVisible(3920)">SetFocus(5055)</onright>
		<onright condition="Window.IsVisible(Home)">SetFocus(300)</onright>
		<onleft condition="Window.IsVisible(Home)">300</onleft>
                <onback>Skin.Reset(MovieHubMenuFocus)</onback>
                <onback>ActivateWindow(Home)</onback>
		<left>-200</left>

        <itemlayout height="home_icon" width="240">
            <control type="image">
		<left>210</left>
                <width>home_icon</width>
                <texture colordiffuse="main_fg_30">$INFO[ListItem.Icon]</texture>
            </control>
	    <control type="label">
	       <label>$INFO[ListItem.Label]</label>
               <shadowcolor>darkgrey</shadowcolor>
	       <width>200</width> 
	    </control>
        </itemlayout>
        <focusedlayout height="home_icon" width="240">
            <control type="image">
                <left>210</left>
                <width>home_icon</width>
                <texture colordiffuse="main_fg_100">$INFO[ListItem.Icon]</texture>
            </control>
            <control type="label">
               <label>$INFO[ListItem.Label]</label>
               <width>200</width>
	       <shadowcolor>darkgrey</shadowcolor>
	       <textcolor>white</textcolor>
            </control>
            <control type="group">
                <left>285</left>
                <width>6</width>
                <control type="image">
                    <texture colordiffuse="$VAR[ColorHighlight]">common/white.png</texture>
                </control>
            </control>
            <control type="button">
	      <visible allowhiddenfocus="true">false</visible>
	      <onfocus condition="String.IsEqual(ListItem.Label,Movie Genres) + !Window.IsVisible(4010)">ActivateWindow(4010)</onfocus>
	      <onfocus condition="String.IsEqual(ListItem.Label,Categories) + !Window.IsVisible(2112)">ActivateWindow(2112)</onfocus>
	      <onfocus condition="String.IsEqual(ListItem.Label,Movie Hub) + !Window.IsVisible(3920)">ActivateWindow(3920)</onfocus>
	      <onfocus condition="String.IsEqual(ListItem.Label,Home) + !Window.IsVisible(Home)">ActivateWindow(Home)</onfocus>
	      <onfocus>Skin.SetString(MovieHubMenuFocus,$INFO[ListItem.Label])</onfocus>
	      </control>
        </focusedlayout>
		<content>
                    <item id="1">
                        <label>Home</label>
                        <onclick>activatewindow(Home)</onclick>
                        <onclick>SetFocus(401,0,absolute)</onclick>
                        <icon>special://skin/extras/icons/home.png</icon>
                    </item>
                    <item id="2">
                        <label>Categories</label>
                        <onclick>activatewindow(2112)</onclick>
                        <icon>special://skin/extras/icons/movie.png</icon>
                        <onclick>Skin.HasSetting(DisableMenuMovieCat)</onclick>
                        <visible>!Skin.HasSetting(DisableMenuMovieCat)</visible>
                    </item>
                    <item id="3">
                        <label>Movie Genres</label>
                        <onclick>activatewindow(4010)</onclick>
                        <icon>special://skin/extras/icons/genre.png</icon>
                        <onclick>Skin.HasSetting(DisableMenuMovieGenre)</onclick>
                        <visible>!Skin.HasSetting(DisableMenuMovieGenre)</visible>
                    </item>
                    <item id="4">
                        <label>Movie Hub</label>
                        <onclick>activatewindow(3920)</onclick>
                        <icon>special://skin/extras/icons/infinity.png</icon>
                        <onclick>Skin.HasSetting(DisableMenuMovieHub)</onclick>
                        <visible>!Skin.HasSetting(DisableMenuMovieHub)</visible>
                    </item>
		</content>
     </control>
     </control>
    </include>



    <include name="IconOnly_Height">
    <height>870</height>
    </include>

    <!-- Icon for mainmenu -->
    <include name="Home_MainMenu_Layout">
        <animation effect="slide" time="200" end="-60,0" condition="[!Control.HasFocus(300) + !Control.HasFocus(302) + !Control.HasFocus(3901) + !Control.HasFocus(3902) + !Control.HasFocus(3903) + Skin.HasSetting(DisableNetflixHomeSidemenuHide)] +  ![Window.IsVisible(SettingsSystemInfo.xml) | Window.IsVisible(Settings.xml) | Window.IsVisible(SettingsCategory.xml) | Window.IsVisible(SkinSettings.xml) | Window.IsVisible(SettingsProfile.xml)]">Conditional</animation>
	<animation effect="slide" end="0,100" time="0" condition="!Skin.HasSetting(DisableMenuVertIcon)">Conditional</animation>
        <top>view_top</top>
        <width>440</width>
	<include condition="!Skin.HasSetting(IconOnlyMode) | [!Control.HasFocus(300) + Skin.HasSetting(IconOnlyMode)]">IconOnly_Height</include>
        <preloaditems>2</preloaditems>
        <orientation>vertical</orientation>
        <scrolltime>0</scrolltime>
        <itemlayout height="home_icon" width="240">
            <control type="group">
                <top>home_icon</top>
                <width>home_icon</width>
                <include>Home_Separator</include>
            </control>
            <control type="image">
                <width>home_icon</width>
                <texture colordiffuse="main_fg_30">$INFO[ListItem.Icon]</texture>
            </control>

            <control type="group">
                <left>home_icon</left>
                <width>6</width>
                <visible>[![Control.HasFocus(3901) | Control.HasFocus(3902) | Control.HasFocus(3903) | Control.HasFocus(3904) | Control.HasFocus(300)] + [!Window.IsVisible(Home) + String.IsEqual(ListItem.Property(path),Window(Home).Property(MenuIconFocus))] + Skin.HasSetting(IconOnlyMode)]</visible>
                <include>Animation_FadeIn_Delay</include>
                <control type="image">
                    <texture colordiffuse="$VAR[ColorHighlight]">common/white.png</texture>
                </control>
                <control type="group">
                    <include>Home_Separator</include>
                </control>
                <control type="group">
                    <top>home_icon</top>
                    <include>Home_Separator</include>
                </control>
            </control>
            <control type="image">
                <width>home_icon</width>
                <texture colordiffuse="main_fg_100">$INFO[ListItem.Icon]</texture>
                <visible>![Control.HasFocus(3901) | Control.HasFocus(3902) | Control.HasFocus(3903) | Control.HasFocus(3904) | Control.HasFocus(300)] + [!Window.IsVisible(Home) + String.IsEqual(ListItem.Property(path),Window(Home).Property(MenuIconFocus))]</visible>
            </control>
        </itemlayout>
        <focusedlayout height="home_icon" width="240">
            <include condition="Skin.HasSetting(HomeWidgetsUnified) + Window.IsVisible(Home)">Home_SwitchFocusButton</include>
            <control type="group">
                <width>home_icon</width>
                <top>home_icon</top>
                <include>Home_Separator</include>
            </control>
            <control type="image">
                <width>home_icon</width>
                <texture colordiffuse="Selected">common/home-indicator.png</texture>
                <visible>Skin.HasSetting(SubmenuIndicator)</visible>
                <visible>Window.IsVisible(Home)</visible>
                <visible>Control.HasFocus(300)</visible>
                <visible>Integer.IsGreater(Container(302).NumItems,0)</visible>
                <visible>!Skin.HasSetting(DisableSubMenu)</visible>
                <visible>!Skin.HasSetting(IconOnlyMode)</visible>
            </control>
            <control type="group">
                <width>6</width>
                <visible>[![Control.HasFocus(3901) | Control.HasFocus(3902) | Control.HasFocus(3903) | Control.HasFocus(3904) | Control.HasFocus(300)] + [Window.IsVisible(Home) | [!Window.IsVisible(Home) + String.IsEqual(ListItem.Property(path),Window(Home).Property(MenuIconFocus))]] + Skin.HasSetting(IconOnlyMode)] | [[Control.HasFocus(300) | Control.HasFocus(302)] + !Skin.HasSetting(IconOnlyMode)]</visible>
                <control type="image"> <!--Hightlight right focus icon-->
                    <texture colordiffuse="red">common/white.png</texture>
                </control>
                <control type="group">
                    <include>Home_Separator</include>
                </control>
                <control type="group">
                    <top>home_icon</top>
                    <include>Home_Separator</include>
                </control>
            </control>
<!--
        <control type="group">
                <width>800</width>
           <control type="label">
                <visible>[![Control.HasFocus(3901) | Control.HasFocus(3902) | Control.HasFocus(3903) | Control.HasFocus(3904) |Control.HasFocus(300)] + [Window.IsVisible(Home) | [!Window.IsVisible(Home) + String.IsEqual(ListItem.Property(path),Window(Home).Property(MenuIconFocus))]] + Skin.HasSetting(IconOnlyMode)] | [[Control.HasFocus(300) | Control.HasFocus(302)] + !Skin.HasSetting(IconOnlyMode)]</visible>
                <visible>Control.HasFocus(300) + !Skin.HasSetting(DisableNetflixVertLabel)</visible>
                <visible>!String.IsEqual(Container(300).ListItem.Property(widget),Weather) + !String.IsEqual(Container(300).ListItem.Property(widget),Settings) + !String.IsEqual(Container(300).ListItem.Property(widgetType),Weather Widget) + !String.IsEqual(Container(300).ListItem.Property(widgetType),Settings Widget)</visible>
                <left>80</left>
                <top>15</top>
                <height>40</height>
                <label>$INFO[ListItem.Label]</label>
                <textcolor>grey</textcolor>
                <shadowcolor>black</shadowcolor>
                <font>netflix_heading_small</font>
                <width>700</width>
           </control>
       </control>
-->

            <control type="image">
                <width>home_icon</width>
                <texture colordiffuse="main_fg_100">$INFO[ListItem.Icon]</texture>
                <visible>![Control.HasFocus(3901) | Control.HasFocus(3902) | Control.HasFocus(3903) | Control.HasFocus(3904) | Control.HasFocus(300)] + [Window.IsVisible(Home) | [!Window.IsVisible(Home) + String.IsEqual(ListItem.Property(path),Window(Home).Property(MenuIconFocus))]]</visible>
            </control>
           <control type="image">
                  <visible>!Skin.HasSetting(DisableNetflixHomeSidemenuHide) + ![Control.HasFocus(3901) | Control.HasFocus(3902) | Control.HasFocus(3903) | Control.HasFocus(3904) | Control.HasFocus(300)] + [Window.IsVisible(Home) | [!Window.IsVisible(Home) + String.IsEqual(ListItem.Property(path),Window(Home).Property(MenuIconFocus))]]</visible>
                <width>6</width>
                <texture colordiffuse="red">common/white.png</texture>
           </control>

            <control type="image">
                <width>home_icon</width>
                <texture colordiffuse="main_fg_30">$INFO[ListItem.Icon]</texture>
                <visible>Control.HasFocus(3901) | Control.HasFocus(3902) | Control.HasFocus(3903) | Control.HasFocus(3904) | [!Control.HasFocus(300) + !Window.IsVisible(Home) + !String.IsEqual(ListItem.Property(path),Window(Home).Property(MenuIconFocus))]</visible>
            </control>
            <control type="image">
                <width>home_icon</width>
                <texture colordiffuse="main_fg_100">$INFO[ListItem.Icon]</texture>
                <visible>Control.HasFocus(300)</visible>
                <include>Animation_FocusBounce_Home</include>
            </control>
            
        </focusedlayout>
    </include>

    <include name="Home_VideoInfo_Layout">
        <top>view_top</top>
        <!-- <height>890</height> -->
        <width>240</width>
        <preloaditems>2</preloaditems>
        <orientation>vertical</orientation>
        <scrolltime>0</scrolltime>
        <itemlayout height="home_icon" width="240">
            <control type="group">
                <width>home_icon</width>
                <top>home_icon</top>
                <include>Home_Separator</include>
            </control>
            <control type="image">
                <width>home_icon</width>
                <texture colordiffuse="main_fg_30">$INFO[ListItem.Icon]</texture>
            </control>
        </itemlayout>
        <focusedlayout height="home_icon" width="240">
            <control type="group">
                <width>home_icon</width>
                <top>home_icon</top>
                <include>Home_Separator</include>
            </control>
            <control type="group">
                <left>home_icon</left>
                <width>6</width>
                <visible>[[Control.HasFocus(3901) | Control.HasFocus(3902) | Control.HasFocus(3903) | Control.HasFocus(3904) | Control.HasFocus(300)] + !Skin.HasSetting(IconOnlyMode)]</visible>
                <include>Animation_FadeIn</include>
                <control type="image">
                    <texture colordiffuse="$VAR[ColorHighlight]">common/white.png</texture>
                </control>
                <control type="group">
                    <include>Home_Separator</include>
                </control>
                <control type="group">
                    <top>home_icon</top>
                    <include>Home_Separator</include>
                </control>
            </control>
            <control type="image">
                <width>home_icon</width>
                <texture colordiffuse="main_fg_30">$INFO[ListItem.Icon]</texture>
                <visible>![Control.HasFocus(300)]</visible>
            </control>
            <control type="image">
                <width>home_icon</width>
                <texture colordiffuse="main_fg_100">$INFO[ListItem.Icon]</texture>
                <visible>[Control.HasFocus(300)]</visible>
                <include>Animation_FocusBounce_Home</include>
            </control>
        </focusedlayout>
    </include>

    <include name="Home_MainMenu_Items">
        <content><include>skinshortcuts-mainmenu</include></content>
    </include>

    <include name="Home_SubMenu_Layout_icon">
        <top>view_top</top>
	<height>500</height>
        <width>1950</width>
	<left>-2600</left>
        <preloaditems>2</preloaditems>
        <orientation>vertical</orientation>
	<itemgap>15</itemgap>
        <focusposition>1</focusposition>
            
            <itemlayout width="182" height="130" condition="!Skin.HasSetting(SubmenuLabel)">
                <include>Widget_Submenu_ItemLayout</include>
            </itemlayout>

            <focusedlayout width="182" height="130" condition="!Skin.HasSetting(SubmenuLabel)">
                <include content="Widget_Submenu_FocusedLayout">
                    <param name="id" value="30222" />
                </include>
            </focusedlayout>
            <itemlayout width="284.44" height="160" condition="Skin.HasSetting(SubmenuLabel)">
                <include>Widget_Submenu_ItemLayout</include>
            </itemlayout>
            <focusedlayout width="284.44" height="160" condition="Skin.HasSetting(SubmenuLabel)">
                <include content="Widget_Submenu_FocusedLayout">
                    <param name="id" value="30222" />
                </include>
            </focusedlayout>
    </include>




    <include name="Home_SubMenu_Layout">
        <top>view_top</top>
        <width>310</width>
        <right>0</right>
        <preloaditems>2</preloaditems>
        <orientation>vertical</orientation>
        <focusposition>1</focusposition>
           <visible>[Control.HasFocus(300) | Control.HasFocus(302) | Control.HasFocus(3901) | Control.HasFocus(3902) | Control.HasFocus(3903) | Control.HasFocus(3904)]</visible>

        <itemlayout height="home_icon" width="310">
            <include>Home_Separator</include>
            <control type="label">
                <left>24</left>
                <font>font_submenu</font>
                <align>right</align>
                <right>24</right>
                <textcolor>dialog_fg_100</textcolor>
                <label>$INFO[ListItem.Label]</label>
            </control>
        </itemlayout>
        <focusedlayout height="home_icon" width="310">
            <control type="image">
		<visible>Control.HasFocus(302)</visible>
                <texture colordiffuse="$VAR[ColorHighlight]">common/white.png</texture>
            </control>
            <control type="image">
		<visible>Control.HasFocus(302)</visible>
                <texture colordiffuse="$VAR[ColorHighlight2]">common/gradient-diffuse-horizontal.png</texture>
            </control>
            <include>Home_Separator</include>
            <control type="label">
                <left>24</left>
                <right>24</right>
                <font>font_submenu_bold</font>
                <align>right</align>
                <textcolor>Selected</textcolor>
                <label>$INFO[ListItem.Label]</label>
            </control>
        </focusedlayout>
    </include>

    <include name="Home_SubMenu_Items">
        <content><include>skinshortcuts-submenu</include></content>
    </include>

    <include name="Home_Textbar_Texture">
	<control type="group">
           <visible>Skin.HasSetting(DisableMenuVertIcon) +  [Control.HasFocus(300) | Control.HasFocus(302) | Control.HasFocus(3901) | Control.HasFocus(3902) | Control.HasFocus(3903) | Control.HasFocus(3904)]</visible>
           <animation effect="fade" time="400">Hidden</animation>
            <animation effect="fade" time="400" delay="50">Visible</animation>

        <control type="image">
            <texture>common/gradient-solid-horizontal.png</texture>
            <include>Defs_DarkShadow</include>
        </control>
        <control type="image">
            <right>6</right>
            <texture colordiffuse="dimgrey">common/white.png</texture>
        </control>
        <control type="image">
            <right>6</right>
            <texture colordiffuse="$VAR[ColorOverlay]">common/white.png</texture>
            <animation effect="fade" start="100" end="5" condition="true">Conditional</animation>
            <visible>!String.IsEmpty(Skin.String(overlaycolor.name))</visible>
            <visible>String.IsEqual(Skin.CurrentColourTheme,Dark Dialogs)</visible>
        </control>
        <control type="image">
	 
            <width>1</width>
            <right>4</right>
            <texture colordiffuse="highlight_bottombar">common/white.png</texture>
        </control>
        <control type="image"> 
            <width>1</width>
            <right>5</right>
            <texture colordiffuse="darkline_separator">common/white.png</texture>
        </control>
	</control>
    </include>


    <include name="Home_Iconbar_Texture">
	<!-- Focused -->
	<control type="group">
	    <visible>[!Skin.HasSetting(DisableMenuVertIcon) +  [Control.HasFocus(300) | Control.HasFocus(302) | Control.HasFocus(3901) | Control.HasFocus(3902) | Control.HasFocus(3903) | Control.HasFocus(3904)]] | [Window.IsVisible(SettingsSystemInfo.xml) | Window.IsVisible(Settings.xml) | Window.IsVisible(SettingsCategory.xml) | Window.IsVisible(SkinSettings.xml) | Window.IsVisible(SettingsProfile.xml)]</visible>
<!--
            <animation effect="fade" start="100" end="0" time="800" delay="20" condition="!Skin.HasSetting(DisableNetflixHomeSidemenuHide)">Hidden</animation>
            <animation effect="fade" start="30" end="100" time="800" delay="20" condition="!Skin.HasSetting(DisableNetflixHomeSidemenuHide)">Visible</animation>
-->
        <animation effect="slide" time="200" end="-60,0" condition="[!Control.HasFocus(300) + !Control.HasFocus(302) + !Control.HasFocus(3901) + !Control.HasFocus(3902) + !Control.HasFocus(3903) + Skin.HasSetting(DisableNetflixHomeSidemenuHide)] +  ![Window.IsVisible(SettingsSystemInfo.xml) | Window.IsVisible(Settings.xml) | Window.IsVisible(SettingsCategory.xml) | Window.IsVisible(SkinSettings.xml) | Window.IsVisible(SettingsProfile.xml)]">Conditional</animation>

            <control type="group">
                <posy>0</posy>
                <posx>0</posx>
                <width>385</width>
                <height>100%</height>
                <control type="image">
                    <left>0</left>
                    <width>70</width>
                    <height>100%</height>
                    <colordiffuse>89000000</colordiffuse>
                    <aspectratio>stretch</aspectratio>
                    <texture background="true">common/white.png</texture>
                </control>
                <control type="image">
                    <left>71</left>
                    <height>100%</height>
                    <width>0.5</width>
                    <colordiffuse>dimgray</colordiffuse>
                    <aspectratio>stretch</aspectratio>
                    <texture background="true">diffuse/gradient_seperator.png</texture>
                </control>
            </control>
	</control>

	<!-- Unfocused -->
        <control type="group">
            <visible>!Skin.HasSetting(DisableNetflixHomeSidemenuHide) + ![Control.HasFocus(300) | Control.HasFocus(302) | Control.HasFocus(3901) | Control.HasFocus(3902) | Control.HasFocus(3903) | Control.HasFocus(3904)]</visible>
            <control type="group">
                <posy>0</posy>
                <posx>0</posx>
                <width>385</width>
                <height>100%</height>
                <control type="image">
                    <left>0</left>
                    <width>70</width>
                    <height>100%</height>
                    <colordiffuse>29000000</colordiffuse>
                    <aspectratio>stretch</aspectratio>
                    <texture background="true">common/white.png</texture>
                </control>
                <control type="image">
		    <top>-70</top>
                    <left>71</left>
                    <height>100%</height>
                    <width>0.5</width>
                    <colordiffuse>dimgray</colordiffuse>
                    <aspectratio>stretch</aspectratio>
                    <texture background="true">diffuse/gradient_seperator.png</texture>
                </control>
            </control>
	</control>
	
	<!-- Full Vertical Menu -->
        <control type="group">
            <visible>Skin.HasSetting(DisableMenuVertIcon) +  [Control.HasFocus(300) | Control.HasFocus(302) | Control.HasFocus(3901) | Control.HasFocus(3902) | Control.HasFocus(3903) | Control.HasFocus(3904)]</visible>
            <animation effect="fade" time="200" delay="200">Hidden</animation>

        <control type="image">
            <width>130</width>
            <texture>common/gradient-solid-horizontal.png</texture>
            <include>Defs_DarkShadow</include>
        </control>

        <control type="image">
            <width>1</width>
            <left>-1</left>
            <texture colordiffuse="highlight_bottombar">common/white.png</texture>
        </control>
        <control type="image">
            <width>1</width>
            <right>0</right>
            <texture colordiffuse="darkline_separator">common/white.png</texture>
        </control>
      </control>

    </include>


    <include name="Home_OnClick">

        <onclick>ClearProperty(MenuFocus,Home)</onclick>

        <!-- Set Menu Indicator -->
        <onclick>$INFO[ListItem.Property(path)]</onclick>

        <onback condition="Window.IsVisible(SkinSettings.xml)">SetFocus(9100)</onback>
        <onback condition="Window.IsVisible(SkinSettings.xml)">Close</onback>
        <onback condition="Window.IsVisible(SettingsCategory.xml)">SetFocus(3)</onback>
        <onback condition="Window.IsVisible(SettingsCategory.xml)">Close</onback>
        
    </include>

    <include name="Home_OnFocus">
        <onup condition="Control.IsVisible(3902)">3902</onup>
        <ondown condition="Control.IsVisible(3902)">3902</ondown>
        <onup condition="!Control.IsVisible(3902)">300</onup>
        <ondown condition="!Control.IsVisible(3902)">300</ondown>
<!--
        <onunfocus>ClearProperty(MenuFocus,Home)</onunfocus>
        <onfocus>SetProperty(MenuFocus,1,Home)</onfocus>
        <onfocus>ClearProperty(WidgetFocus,Home)</onfocus>
        <onfocus>ClearProperty(WidgetLoading,Home)</onfocus>
        <onfocus>AlarmClock(SetLoad,SetProperty(WidgetLoading,1,Home),00:00,silent)</onfocus>
-->
    </include>

<!--
   <include name="Home_MainMenu_SettingsItems">
        <content>
            <item id="1">
                <label>14206</label>
                <icon>special://skin/extras/icons/skinsettings.png</icon>
                <onclick>ReplaceWindow(InterfaceSettings)</onclick>
                <property name="path">ReplaceWindow(InterfaceSettings)</property>
                <property name="altpath">ActivateWindow(InterfaceSettings)</property>
            </item>
            <item id="4">
                <label>166</label>
                <icon>special://skin/extras/icons/paintbrush.png</icon>
                <onclick>ReplaceWindow(SkinSettings)</onclick>
                <property name="path">ReplaceWindow(SkinSettings)</property>
                <property name="altpath">ActivateWindow(SkinSettings)</property>
            </item>
            <item id="2">
                <label>14211</label>
                <icon>special://skin/extras/icons/tags.png</icon>
                <onclick>ReplaceWindow(MediaSettings)</onclick>
                <property name="path">ReplaceWindow(MediaSettings)</property>
                <property name="altpath">ActivateWindow(MediaSettings)</property>
            </item>
            <item id="3">
                <label>14200</label>
                <icon>special://skin/extras/icons/equalizer.png</icon>
                <onclick>ReplaceWindow(PlayerSettings)</onclick>
                <property name="path">ReplaceWindow(PlayerSettings)</property>
                <property name="altpath">ActivateWindow(PlayerSettings)</property>
            </item>
            <item id="5">
                <label>13000</label>
                <icon>special://skin/extras/icons/configure.png</icon>
                <onclick>ReplaceWindow(SystemSettings)</onclick>
                <property name="path">ReplaceWindow(SystemSettings)</property>
                <property name="altpath">ActivateWindow(SystemSettings)</property>
            </item>
            <item id="6">
                <label>14036</label>
                <icon>special://skin/extras/icons/network.png</icon>
                <onclick>ReplaceWindow(servicesettings)</onclick>
                <property name="path">ReplaceWindow(servicesettings)</property>
                <property name="altpath">ActivateWindow(servicesettings)</property>
            </item>
            <item id="10">
                <label>$LOCALIZE[31294]</label>
                <icon>special://skin/extras/icons/livetv.png</icon>
                <onclick>ReplaceWindow(pvrsettings)</onclick>
                <property name="path">ReplaceWindow(pvrsettings)</property>
                <property name="altpath">ActivateWindow(pvrsettings)</property>
            </item>
            <item id="9">
                <label>130</label>
                <icon>special://skin/extras/icons/sysinfo.png</icon>
                <onclick>ReplaceWindow(systeminfo)</onclick>
                <property name="path">ReplaceWindow(systeminfo)</property>
                <property name="altpath">ActivateWindow(systeminfo)</property>
            </item>
            <item id="7">
                <label>13200</label>
                <icon>special://skin/extras/icons/actor.png</icon>
                <onclick>ReplaceWindow(Profiles)</onclick>
                <property name="path">ReplaceWindow(Profiles)</property>
                <property name="altpath">ActivateWindow(Profiles)</property>
            </item>
            <item id="8">
                <label>24001</label>
                <icon>special://skin/extras/icons/addon.png</icon>
                <onclick>ActivateWindow(AddonBrowser)</onclick>
                <property name="path">ActivateWindow(AddonBrowser)</property>
                <property name="altpath">ActivateWindow(AddonBrowser)</property>
            </item>
            <item id="11">
                <label>7</label>
                <icon>special://skin/extras/icons/files.png</icon>
                <onclick>ActivateWindow(filemanager)</onclick>
                <property name="path">ActivateWindow(filemanager)</property>
                <property name="altpath">ActivateWindow(filemanager)</property>
            </item>
            <item id="13">
                <label>$INFO[Control.GetLabel(20)]</label>
                <icon>special://skin/extras/icons/settings.png</icon>
                <onclick>SettingsLevelChange</onclick>
                <property name="path">SettingsLevelChange</property>
                <property name="altpath">SettingsLevelChange</property>
                <visible>Window.IsVisible(SettingsCategory.xml)</visible>
            </item>
        </content>
    </include>
-->

</includes>
