<?xml version="1.0" encoding="UTF-8" standalone="yes"?>
<addon id="repository.plexkodiconnect" name="PlexKodiConnect Addons" version="1.0.0" provider-name="croneter">
	<requires>
		<import addon="xbmc.addon" version="12.0.0"/>
	</requires>
	<extension point="xbmc.addon.repository" name="PlexKodiConnect Repository">
		<info compressed="false">https://github.com/croneter/repository.plexkodiconnect/repo/addons.xml</info>
		<checksum>https://github.com/croneter/repository.plexkodiconnect/repo/addons.xml.md5</checksum>
		<datadir zip="true">https://github.com/croneter/repository.plexkodiconnect/repo/bin/</datadir>
	</extension>
	<extension point="xbmc.addon.metadata">
		<summary>PlexKodiConnect Addon Repository</summary>
		<description>This repo contains the PlexKodiConnect main addon as well as the dependency addons</description>
		<disclaimer></disclaimer>
		<platform>all</platform>
	</extension>
</addon>
