<?xml version="1.0" encoding="utf-8"?>
<window type="window" id="3810">
  <defaultcontrol always="true">4000</defaultcontrol>
  <onload>AlarmClock(focusWidgets,SetFocus(323233),00:00,silent)</onload>
  <onunload>ClearProperty(SkinHelper.WidgetContainer,Home)</onunload>
  <controls>
    <include>Object_Home_Netflix</include>
    <control type="grouplist" id="323233">
      <scrolltime tween="linear">400</scrolltime>
      <posy>670</posy>
    <orientation>vertical</orientation>
    <itemgap>10</itemgap>
    <usecontrolcoords>true</usecontrolcoords>
    <posy>630</posy>
    <height>450</height>
    <left>-40</left>
    <include>skinshortcuts-template-netflixhubtv</include>
  <control type="fixedlist" id="660">
      <left>60</left>
      <scrolltime tween="sine" easing="out">500</scrolltime> 
      <height>450</height>
      <orientation>horizontal</orientation>
      <onup>650</onup>
      <height>350</height>
      <width>1980</width>
      <preloaditems>2</preloaditems>
      <itemlayout width="373.33" height="200" condition="Skin.HasSetting(SubmenuLabel)">
        <include content="Widget_Hub_ItemLayout">
          <param name="category" value="true" />
          <param name="genres" value="$PARAM[genres]" />
          <param name="studios" value="$PARAM[studios]" />
          <param name="text" value="$PARAM[text]" />
        </include>
      </itemlayout>
      <focusedlayout width="373.33" height="200" condition="Skin.HasSetting(SubmenuLabel)">
        <include content="Widget_Hub_FocusedLayout">
          <param name="id" value="660" />
          <param name="category" value="true" />
          <param name="genres" value="$PARAM[genres]" />
          <param name="studios" value="$PARAM[studios]" />
          <param name="text" value="$PARAM[text]" />
        </include>
      </focusedlayout>
      <include>Home_Widget_HubMenu_TVItems</include>
    </control>
    </control>
  </controls>
</window>
