<?xml version="1.0" encoding="UTF-8"?>
<!-- Foundation -->
<window id="0">
    <defaultcontrol always="true">4000</defaultcontrol>
    <onload condition="Skin.HasSetting(EnableWetherRadar)">RunScript(special://masterprofile/addon_data/scripts/weather.py)</onload> 
    <onload>RunScript(script.skinshortcuts,type=buildxml&amp;mainmenuID=300&amp;levels=1&amp;group=mainmenu|powermenu|x1101|x1102|x1103|x1104|x1105|x1106|x1107|x1108|x1109|searchmenu|aurahubtv|aurahubmovies|netflixhubtv|netflixhubmovies)</onload>
    <onload condition="!Skin.HasSetting(SkinHelper.EnablePVRThumbs)">Skin.SetBool(SkinHelper.EnablePVRThumbs)</onload>
    <onload condition="!Skin.HasSetting(SkinHelper.EnableMusicArt)">Skin.SetBool(SkinHelper.EnableMusicArt)</onload>
    <onload>ClearProperty(HomeFocus,Home)</onload>
    <onload>AlarmClock(SkinSplashStarted,SetProperty(SkinSplashStarted,1,home),00:01,silent,false)</onload>
    <onload>ClearProperty(WidgetLoading,Home)</onload>
    <onload>AlarmClock(SetLoad,SetProperty(WidgetLoading,1,Home),00:00,silent)</onload> 
    <onload condition="Integer.IsGreater(Container(1505).NumItems,0)">Control.Move(1505,1)</onload>
    <onload condition="Integer.IsGreater(Container(1506).NumItems,0)">Control.Move(1506,1)</onload>
    <onload condition="!Skin.HasSetting(LockHubWidgets)">Skin.ToggleSetting(LockHubWidgets)</onload>
    <onload condition="Skin.HasSetting(AutoLibraryHome)">UpdateLibrary(video,,true)</onload>
    <onload>Skin.SetString(AddonContainer,false)</onload>
    <onunload>ClearProperty(SkinHelper.WidgetContainer)</onunload>
   

    <controls>
        <control type="list" id="9988">
            <description>hidden container for playlist background</description>
            <posx>-20</posx>
            <posy>-20</posy>
            <width>1</width>
            <height>1</height>
            <visible>true</visible>
            <onup>50</onup>
            <ondown>50</ondown>
            <onleft>50</onleft>
            <onright>50</onright>
            <autoscroll time="10000">true</autoscroll>
            <itemlayout width="1" height="1">
            </itemlayout>
            <focusedlayout height="1" width="1">
            </focusedlayout>
            <content>$INFO[Container(300).ListItem.Property(backgroundPlaylist)]</content>
        </control>

      <control type="grouplist" id="4000">
        <itemgap>0</itemgap>
        <visible>Skin.HasSetting(DisableTraktMode)</visible>
        <include condition="Skin.HasSetting(DisableTraktMode)">Object_Home_Media_Hub_mainmenu</include>
      </control>	

   <include condition="!Skin.HasSetting(DisableTraktMode)">home_no_trakt</include>

    </controls>
</window>
