<?xml version="1.0" encoding="UTF-8"?>
<includes>
    <include name="nosidemenu_widget_control">
      <control type="list" id="302">
            <onup>430</onup>
            <onback>300</onback>
            <ondown>300</ondown>
            <orientation>horizontal</orientation>
            <height>10</height>
            <top>-1000</top>
            <onfocus>ClearProperty(WidgetFocus,Home)</onfocus>
            <itemlayout width="10" />
            <focusedlayout width="10" />
            <content><include>skinshortcuts-submenu</include></content>
            <visible>Skin.HasSetting(HideSubmenuWidget)</visible>
        </control>
        <control type="list" id="300">
            <onup condition="Skin.HasSetting(HideSubmenuWidget)">302</onup>
            <onup condition="!Skin.HasSetting(HideSubmenuWidget)">430</onup>
            <ondown>3000</ondown>
            <ondown condition="Control.IsVisible(3902)">3902</ondown>
            <ondown condition="!Control.IsVisible(3902)">300</ondown>
            <onfocus>ClearProperty(WidgetFocus,Home)</onfocus>
            <onfocus>ClearProperty(WidgetLoading,Home)</onfocus>
            <onfocus>AlarmClock(SetLoad,SetProperty(WidgetLoading,1,Home),00:00,silent)</onfocus>
            <orientation>horizontal</orientation>
            <height>10</height>
            <top>-1000</top>
            <itemlayout width="10" />
            <focusedlayout width="10" />
            <content><include>skinshortcuts-mainmenu</include></content>
        </control>
        <control type="button" id="430">
            <width>1</width>
            <height>1</height>
            <left>-2000</left>
            <animation effect="fade" time="300" start="100" end="0">Focus</animation>
            <onfocus condition="!Skin.HasSetting(HideSubmenuWidget) | !Integer.IsGreater(Container(302).NumItems,0)">SetFocus(300)</onfocus>
            <onfocus condition="Skin.HasSetting(HideSubmenuWidget) + Integer.IsGreater(Container(302).NumItems,0)">SetFocus(302)</onfocus>
            <onclick>noop</onclick>
            <visible allowhiddenfocus="true">Control.HasFocus(430)</visible>
        </control>
        <control type="button" id="431">
            <width>1</width>
            <height>1</height>
            <left>-2000</left>
            <animation effect="fade" time="300" start="100" end="0">Focus</animation>
            <onfocus>SetFocus(3000)</onfocus>
            <onclick>noop</onclick>
        </control>

    </include>

    <include name="Global_Overlay">
        <control type="image">
            <include>Animation_FadeIn</include>
            <include condition="!Window.IsVisible(DialogButtonMenu.xml)">Animation_FadeOut</include>
            <include>Dimensions_Fullscreen</include>
            <texture border="2">common/black-back.png</texture>
        </control>
    </include>

    <include name="Global_Videowindow">
        <control type="image" description="Background">
            <include>Dimensions_Fullscreen</include>
            <texture colordiffuse="Background">common/white.png</texture>
        </control>
	<include>Global_Overlay</include>
        <control type="videowindow">
            <visible>Skin.HasSetting(global.showvideo)</visible>
            <visible>Player.HasVideo</visible>
            <visible>String.IsEmpty(Window(Home).Property(TrailerPlaying))</visible>
            <include>Dimensions_Fullscreen</include>
        </control>
    </include>
    
    <include name="Global_Visualisation">
        <control type="group">
            <visible>String.IsEmpty(Window(10025).Property(PlayingBackgroundMedia)) + Player.HasAudio + Skin.HasSetting(global.showvisualisation)</visible>
            
            <control type="visualisation">
                <visible>Skin.HasSetting(OSDVisualisation.ShowFanart) | [!Skin.HasSetting(musicvis.fanartfallback) + [!System.HasAddon(script.artistslideshow) | Skin.HasSetting(ArtistSlideShow.Disabled)]]</visible>
                <description>visualisation</description>
                <include>Dimensions_Fullscreen</include>
                <include>Animation_FadeIn</include>
                <include>Animation_FadeOut</include>
            </control>
            
            <control type="multiimage">
                <aspectratio>scale</aspectratio>
                <include>Dimensions_Fullscreen</include>
                <timeperimage>10000</timeperimage>
                <randomize>true</randomize>
                <fadetime>600</fadetime>
                <loop>true</loop>
                <imagepath background="true">$VAR[Image_ArtistFanartVis]</imagepath>
                <animation effect="fade" start="100" end="65" time="0" condition="Skin.HasSetting(OSDVisualisation.ShowFanart)">Conditional</animation>
                <animation effect="zoom" start="110" end="130" center="auto" time="10000" tween="sine" easing="inout" pulse="true" condition="Skin.HasSetting(ArtistSlideshow.Animate)">Conditional</animation>
                <animation effect="slide" start="-30,-30" end="30,30" time="6000" tween="sine" easing="inout" pulse="true" condition="Skin.HasSetting(ArtistSlideshow.Animate)">Conditional</animation>
                <include>Animation_FadeIn</include>
                <include>Animation_FadeOut</include>
            </control>

        </control>
    </include>

    <include name="Global_FadeTime_600"><fadetime>600</fadetime></include>

    <include name="Global_Background">
        <control type="multiimage" id="7975">
            <left>-2160</left>
            <width>1</width>
            <height>1</height>
            <timeperimage>7000</timeperimage>
            <randomize>true</randomize>
            <imagepath background="true">$VAR[Global_Background_Image_Var]</imagepath>
            <visible>System.HasAddon(script.colorbox)</visible>
            <visible>Skin.HasSetting(EnableBlur)</visible>
        </control>
        <control type="multiimage" id="7977">
            <left>-2160</left>
            <width>1</width>
            <height>1</height>
            <timeperimage>5000</timeperimage>
            <randomize>true</randomize>
            <imagepath background="true">$VAR[Image_Poster_Color]</imagepath>
            <visible>System.HasAddon(script.colorbox)</visible>
            <visible>Skin.HasSetting(CycleColors) | Skin.HasSetting(MatchOverlayColors) | Skin.HasSetting(MatchColors)</visible>
        </control>
        <include>Global_Videowindow</include>
        <include>Global_Visualisation</include>
        <control type="group">
            <!-- Fanart and backgrounds with parallax -->
            <control type="group">
                <control type="multiimage" description="Fanart">
                    <visible>!Player.HasMedia | [Player.HasVideo + [!Skin.HasSetting(global.showvideo) | !String.IsEmpty(Window(Home).Property(TrailerPlaying))]] | [!Skin.HasSetting(global.showvisualisation) + Player.HasAudio] | [Player.HasAudio + !String.IsEmpty(Window(10025).Property(PlayingBackgroundMedia))]</visible>
                    <include>Dimensions_Fullscreen</include>
                    <timeperimage>7000</timeperimage>
                    <randomize>true</randomize>
                    <include condition="!Window.IsVisible(SettingsCategory.xml) + !Window.IsVisible(SkinSettings.xml) + !Window.IsVisible(SettingsProfile.xml) + !Window.IsVisible(SettingsSystemInfo.xml)">Global_FadeTime_600</include>
                    <aspectratio>scale</aspectratio>
                    <imagepath background="true">$VAR[Global_Background_Image]</imagepath>
                </control>
            </control>

            <!-- Texture Overlay -->
            <control type="group">
                <visible>!Window.IsVisible(Home) | [Window.IsVisible(Home) + [String.IsEqual(Container(300).ListItem.Property(widget),Weather) | !String.IsEmpty(Container(300).ListItem.Property(widgetPath)) | !String.IsEmpty(Container(300).ListItem.Property(widgetPath.Widget1)) | !String.IsEmpty(Container(300).ListItem.Property(widgetPath.Widget2)) | !String.IsEmpty(Container(300).ListItem.Property(widgetPath.Widget3)) | !String.IsEmpty(Container(300).ListItem.Property(widgetPath.Widget4)) | !String.IsEmpty(Container(300).ListItem.Property(widgetPath.Widget5)) | !String.IsEmpty(Container(300).ListItem.Property(widgetPath.Widget6)) | !String.IsEmpty(Container(300).ListItem.Property(widgetPath.Widget7)) | !String.IsEmpty(Container(300).ListItem.Property(widgetPath.Widget8)) | [String.IsEmpty(Container(300).ListItem.Property(Background)) + String.IsEmpty(Container(300).ListItem.Property(backgroundPlaylist)) + String.IsEmpty(Skin.String(home.slideshowpath))] | [String.IsEqual(Container(300).ListItem.Property(hasSubmenu),True) + !Skin.HasSetting(HideSubmenuWidget)]]] | [Window.IsVisible(DialogVideoInfo.xml) | Window.IsVisible(DialogMusicInfo.xml) | Window.IsVisible(DialogAddonInfo.xml) | Window.IsVisible(script-script.extendedinfo-DialogVideoInfo.xml) | Window.IsVisible(script-script.extendedinfo-DialogInfo.xml)]</visible>
                <animation effect="fade" condition="Control.HasFocus(9602)" start="100" end="0" delay="200" time="300" reversible="false">Conditional</animation>
                <animation effect="fade" condition="!Control.HasFocus(9602)" start="0" end="100" delay="0" time="300" reversible="false">Conditional</animation>
                <include>Animation_FadeInOut</include>
                <control type="image">
                    <texture colordiffuse="$VAR[Global_FanartDim]">common/white.png</texture>
		    <visible>!Skin.HasSetting(DisableTransparency)</visible>
                </control>
                <!-- Vignette Overlay -->
                <control type="image">
                    <texture colordiffuse="$VAR[ColorOverlay]" background="true">common/vignette-white.png</texture>
                    <visible>!Skin.HasSetting(DisableOverlayColor)</visible>
                </control>
                <control type="image">
                    <texture background="true">common/vignette-full.png</texture>
                    <visible>!Skin.HasSetting(DisableVignette)</visible>
                </control>
            </control>

            <!-- Topbar Home Dim -->
            <include condition="Window.IsVisible(Home)">Global_Home_Topbar_Image_Dim</include>
        </control>
    </include>

    <include name="Global_Home_Topbar_Image_Dim">
        <control type="image">
            <height>1080</height>
            <texture>common/vignette-top.png</texture>
            <visible>!$EXP[Exp_Info_Visible]</visible>
            <visible>!Control.HasFocus(9602)</visible>
            <visible>![[String.IsEqual(Container(300).ListItem.Property(widget),Weather) | !String.IsEmpty(Container(300).ListItem.Property(widgetPath)) | !String.IsEmpty(Container(300).ListItem.Property(widgetPath.Widget1)) | !String.IsEmpty(Container(300).ListItem.Property(widgetPath.Widget2)) | !String.IsEmpty(Container(300).ListItem.Property(widgetPath.Widget3)) | !String.IsEmpty(Container(300).ListItem.Property(widgetPath.Widget4)) | !String.IsEmpty(Container(300).ListItem.Property(widgetPath.Widget5)) | !String.IsEmpty(Container(300).ListItem.Property(widgetPath.Widget6)) | !String.IsEmpty(Container(300).ListItem.Property(widgetPath.Widget7)) | !String.IsEmpty(Container(300).ListItem.Property(widgetPath.Widget8)) | [String.IsEmpty(Container(300).ListItem.Property(Background)) + String.IsEmpty(Container(300).ListItem.Property(backgroundPlaylist)) + String.IsEmpty(Skin.String(home.slideshowpath))] | [String.IsEqual(Container(300).ListItem.Property(hasSubmenu),True) + !Skin.HasSetting(HideSubmenuWidget)]]]</visible>
            <animation effect="fade" start="0" end="100" time="0" reversible="false">Visible</animation>
            <animation effect="fade" end="0" start="100" time="1000" reversible="false">Hidden</animation>
            <!-- <animation effect="fade" end="0" start="100" time="350" reversible="false">WindowClose</animation>
            <animation effect="fade" start="0" end="100" time="200" reversible="false">WindowOpen</animation> -->
        </control>
    </include>

    <variable name="Global_FanartDim">
        <value condition="Skin.HasSetting(DisableVignette) + !String.IsEqual(Skin.String(TransparencyLevel),$LOCALIZE[31000])">FanartDim_NoVignette_Increased</value>
        <value condition="Skin.HasSetting(DisableVignette)">FanartDim_NoVignette_Reduced</value>
        <value condition="!String.IsEqual(Skin.String(TransparencyLevel),$LOCALIZE[31000])">FanartDim_Increased</value>
        <value>FanartDim_Reduced</value>
    </variable>

    <variable name="Global_Background_Image_NoFanart">
        <value condition="Window.IsVisible(home) + !String.IsEmpty(Container(300).ListItem.Property(backgroundPlaylist))">$INFO[Container(9988).ListItem.Art(fanart)]</value>
        <value condition="Window.IsVisible(home) + !String.IsEmpty(Container(300).ListItem.Property(Background))">$INFO[Container(300).ListItem.Property(Background)]</value>
        <value condition="Window.IsVisible(home) + !String.IsEmpty(Skin.String(home.slideshowpath)) + !String.IsEqual(Skin.String(home.slideshowpath),$LOCALIZE[8]) + [String.IsEmpty(Container(300).ListItem.Property(widget)) | Container(301).IsUpdating |  Skin.HasSetting(home.dontshowfanart)]">$INFO[Skin.String(home.slideshowpath)]</value>
        <value condition="!String.IsEmpty(Skin.String(fanart.fallback))">$INFO[Skin.String(fanart.fallback)]</value>
        <value condition="!Skin.HasSetting(NoFanart)">special://skin/extras/backgrounds/default.jpg</value>
        <value>common/null.png</value>
    </variable>

    <variable name="Global_Background_Image">
        <value condition="Skin.HasSetting(NoFanart)">$VAR[Global_Background_Image_NoFanart]</value>
        <value condition="!String.IsEmpty(Window(home).Property(ImageFilterFIVE)) + Skin.HasSetting(EnableBlur) + [!Skin.HasSetting(OnlyBlurInfo) | [Skin.HasSetting(OnlyBlurInfo) + [Window.IsVisible(DialogVideoInfo.xml) | Window.IsVisible(DialogMusicInfo.xml) | Window.IsVisible(DialogAddonInfo.xml) | Window.IsVisible(script-script.extendedinfo-DialogVideoInfo.xml) | Window.IsVisible(script-script.extendedinfo-DialogInfo.xml)]]] + !Control.HasFocus(9602)">$INFO[Window(home).Property(ImageFilterFIVE)]</value>
        <value>$VAR[Global_Background_Image_Var]</value>
    </variable>

    <variable name="Global_Background_Image_Var">
        <value condition="Skin.HasSetting(NoFanart) | ListItem.IsParentFolder">$VAR[Global_Background_Image_NoFanart]</value>
        <!-- Next up -->
        <value condition="Window.IsVisible(script-nextup-notification-PostPlayInfo.xml)">$INFO[Window.Property(background)]</value>
        <!-- Extended Info -->
        <value condition="Window.IsVisible(script-script.extendedinfo-DialogVideoInfo.xml) + !String.IsEmpty(Window.Property(fanart_original))">$INFO[Window.Property(fanart_original)]</value>
        <value condition="Window.IsVisible(script-script.extendedinfo-DialogVideoInfo.xml) | Window.IsVisible(script-script.extendedinfo-DialogInfo.xml) + !String.IsEmpty(Skin.String(fanart.fallback))">$INFO[Skin.String(fanart.fallback)]</value>
        <value condition="Window.IsVisible(script-script.extendedinfo-DialogVideoInfo.xml) | Window.IsVisible(script-script.extendedinfo-DialogInfo.xml)">null.png</value>
        <value condition="Window.IsVisible(script-script.extendedinfo-VideoList.xml) + !String.IsEmpty(ListItem.Property(Fanart_Image))">$INFO[ListItem.Property(Fanart_Image)]</value>

        <!-- Next Aired -->
        <value condition="[Window.IsVisible(script-NextAired-TVGuide.xml) | Window.IsVisible(script-NextAired-TVGuide2.xml)] + [Control.HasFocus(200) | Control.HasFocus(8200)] + !String.IsEmpty(Container(200).ListItem.Property(Fanart))">$INFO[Container(200).ListItem.Property(Fanart)]</value>
        <value condition="[Window.IsVisible(script-NextAired-TVGuide.xml) | Window.IsVisible(script-NextAired-TVGuide2.xml)] + [Control.HasFocus(201) | Control.HasFocus(8201)] + !String.IsEmpty(Container(201).ListItem.Property(Fanart))">$INFO[Container(201).ListItem.Property(Fanart)]</value>
        <value condition="[Window.IsVisible(script-NextAired-TVGuide.xml) | Window.IsVisible(script-NextAired-TVGuide2.xml)] + [Control.HasFocus(202) | Control.HasFocus(8202)] + !String.IsEmpty(Container(202).ListItem.Property(Fanart))">$INFO[Container(202).ListItem.Property(Fanart)]</value>
        <value condition="[Window.IsVisible(script-NextAired-TVGuide.xml) | Window.IsVisible(script-NextAired-TVGuide2.xml)] + [Control.HasFocus(203) | Control.HasFocus(8203)] + !String.IsEmpty(Container(203).ListItem.Property(Fanart))">$INFO[Container(203).ListItem.Property(Fanart)]</value>
        <value condition="[Window.IsVisible(script-NextAired-TVGuide.xml) | Window.IsVisible(script-NextAired-TVGuide2.xml)] + [Control.HasFocus(204) | Control.HasFocus(8204)] + !String.IsEmpty(Container(204).ListItem.Property(Fanart))">$INFO[Container(204).ListItem.Property(Fanart)]</value>
        <value condition="[Window.IsVisible(script-NextAired-TVGuide.xml) | Window.IsVisible(script-NextAired-TVGuide2.xml)] + [Control.HasFocus(205) | Control.HasFocus(8205)] + !String.IsEmpty(Container(205).ListItem.Property(Fanart))">$INFO[Container(205).ListItem.Property(Fanart)]</value>
        <value condition="[Window.IsVisible(script-NextAired-TVGuide.xml) | Window.IsVisible(script-NextAired-TVGuide2.xml)] + [Control.HasFocus(206) | Control.HasFocus(8206)] + !String.IsEmpty(Container(206).ListItem.Property(Fanart))">$INFO[Container(206).ListItem.Property(Fanart)]</value>
        <value condition="[Window.IsVisible(script-NextAired-TVGuide.xml) | Window.IsVisible(script-NextAired-TVGuide2.xml)] + [Control.HasFocus(207) | Control.HasFocus(8207)] + !String.IsEmpty(Container(207).ListItem.Property(Fanart))">$INFO[Container(207).ListItem.Property(Fanart)]</value>
        <value condition="[Window.IsVisible(script-NextAired-TVGuide.xml) | Window.IsVisible(script-NextAired-TVGuide2.xml)] + [Control.HasFocus(208) | Control.HasFocus(8208)] + !String.IsEmpty(Container(208).ListItem.Property(Fanart))">$INFO[Container(208).ListItem.Property(Fanart)]</value>
        <value condition="[Window.IsVisible(script-NextAired-TVGuide.xml) | Window.IsVisible(script-NextAired-TVGuide2.xml)] + [Control.HasFocus(209) | Control.HasFocus(8209)] + !String.IsEmpty(Container(209).ListItem.Property(Fanart))">$INFO[Container(209).ListItem.Property(Fanart)]</value>
        <value condition="[Window.IsVisible(script-NextAired-TVGuide.xml) | Window.IsVisible(script-NextAired-TVGuide2.xml)] + [Control.HasFocus(210) | Control.HasFocus(8210)] + !String.IsEmpty(Container(210).ListItem.Property(Fanart))">$INFO[Container(210).ListItem.Property(Fanart)]</value>
        <value condition="[Window.IsVisible(script-NextAired-TVGuide.xml) | Window.IsVisible(script-NextAired-TVGuide2.xml)] + [Control.HasFocus(211) | Control.HasFocus(8211)] + !String.IsEmpty(Container(211).ListItem.Property(Fanart))">$INFO[Container(211).ListItem.Property(Fanart)]</value>
        <value condition="[Window.IsVisible(script-NextAired-TVGuide.xml) | Window.IsVisible(script-NextAired-TVGuide2.xml)] + [Control.HasFocus(212) | Control.HasFocus(8212)] + !String.IsEmpty(Container(212).ListItem.Property(Fanart))">$INFO[Container(212).ListItem.Property(Fanart)]</value>
        <value condition="[Window.IsVisible(script-NextAired-TVGuide.xml) | Window.IsVisible(script-NextAired-TVGuide2.xml)] + [Control.HasFocus(213) | Control.HasFocus(8213)] + !String.IsEmpty(Container(213).ListItem.Property(Fanart))">$INFO[Container(213).ListItem.Property(Fanart)]</value>
        <value condition="[Window.IsVisible(script-NextAired-TVGuide.xml) | Window.IsVisible(script-NextAired-TVGuide2.xml)] + [Control.HasFocus(214) | Control.HasFocus(8214)] + !String.IsEmpty(Container(214).ListItem.Property(Fanart))">$INFO[Container(214).ListItem.Property(Fanart)]</value>
        <value condition="[Window.IsVisible(script-NextAired-TVGuide.xml) | Window.IsVisible(script-NextAired-TVGuide2.xml)] + [Control.HasFocus(215) | Control.HasFocus(8215)] + !String.IsEmpty(Container(215).ListItem.Property(Fanart))">$INFO[Container(215).ListItem.Property(Fanart)]</value>

        <!-- Weather -->
        <value condition="[Window.IsVisible(weather) | [Window.IsVisible(Home) + String.IsEqual(Container(300).ListItem.Property(widget),Weather)]] + System.HasAddon(resource.images.weatherfanart.multi)">$INFO[Window(Weather).Property(Current.FanartCode),resource://resource.images.weatherfanart.multi/,/]</value>     

        <!-- Animated Fanart -->
        <value condition="Skin.HasSetting(SkinHelper.EnableAnimatedPosters) + !String.IsEmpty(ListItem.Art(animatedfanart))">$INFO[ListItem.Art(animatedfanart)]</value>
        <value condition="Skin.HasSetting(SkinHelper.EnableAnimatedPosters) + !String.IsEmpty(Container.ListItem.Art(animatedfanart)) + Window.IsVisible(Home) + !Control.HasFocus(300) + !Control.HasFocus(302)">$INFO[Container.ListItem.Art(animatedfanart)]</value>

        <!-- Artwork Helper Extra Fanart -->
        <value condition="Skin.HasSetting(SkinHelper.EnableExtraFanart) + !Window.IsVisible(Home) + System.HasAddon(script.artwork.helper) + [String.IsEqual(ListItem.DBTYPE,movie) | String.IsEqual(ListItem.DBTYPE,set) | String.IsEqual(ListItem.DBTYPE,musicvideo) | String.IsEqual(ListItem.DBTYPE,tvshow)] + !String.IsEmpty(ListItem.DBID)">plugin://script.artwork.helper/multiimage/listitem/?refresh=$INFO[ListItem.DBID]&amp;&amp;arttype=fanart</value>
        <value condition="Skin.HasSetting(SkinHelper.EnableExtraFanart) + !Window.IsVisible(Home) + System.HasAddon(script.artwork.helper) + [String.IsEqual(ListItem.DBTYPE,season) | String.IsEqual(ListItem.DBTYPE,episode)] + !String.IsEmpty(ListItem.DBID)">plugin://script.artwork.helper/multiimage/listitem/?refresh=$INFO[ListItem.DBID]&amp;&amp;arttype=tvshow.fanart</value>
        <value condition="Skin.HasSetting(SkinHelper.EnableExtraFanart) + !Window.IsVisible(Home) + System.HasAddon(script.artwork.helper) + String.IsEqual(ListItem.DBTYPE,artist)">plugin://script.artwork.helper/multiimage/listitem/?refresh=$INFO[ListItem.DBID]&amp;&amp;arttype=fanart</value>
        <value condition="Skin.HasSetting(SkinHelper.EnableExtraFanart) + !Window.IsVisible(Home) + System.HasAddon(script.artwork.helper) + [String.IsEqual(ListItem.DBTYPE,album) | String.IsEqual(ListItem.DBTYPE,song)]">plugin://script.artwork.helper/multiimage/listitem/?refresh=$INFO[ListItem.DBID]&amp;&amp;arttype=artist.fanart</value>

        <!-- Artwork Helper Extra Fanart Homescreen -->
        <value condition="Skin.HasSetting(SkinHelper.EnableExtraFanart) + !String.IsEmpty(ListItem.Art(fanart)) + Window.IsVisible(Home) + System.HasAddon(script.artwork.helper) + Window.IsVisible(DialogVideoInfo.xml) + [String.IsEqual(ListItem.DBTYPE,movie) | String.IsEqual(ListItem.DBTYPE,set) | String.IsEqual(ListItem.DBTYPE,musicvideo) |  String.IsEqual(ListItem.DBTYPE,tvshow)]">plugin://script.artwork.helper/multiimage/listitem/?refresh=$INFO[ListItem.DBID]&amp;&amp;arttype=fanart</value>
        <value condition="Skin.HasSetting(SkinHelper.EnableExtraFanart) + !String.IsEmpty(ListItem.Art(fanart)) + Window.IsVisible(Home) + System.HasAddon(script.artwork.helper) + Window.IsVisible(DialogVideoInfo.xml) + [String.IsEqual(ListItem.DBTYPE,season) | String.IsEqual(ListItem.DBTYPE,episode)]">plugin://script.artwork.helper/multiimage/listitem/?refresh=$INFO[ListItem.DBID]&amp;&amp;arttype=tvshow.fanart</value>
        <value condition="Skin.HasSetting(SkinHelper.EnableExtraFanart) + !String.IsEmpty(ListItem.Art(fanart)) + Window.IsVisible(Home) + System.HasAddon(script.artwork.helper) + Window.IsVisible(DialogMusicInfo.xml) + String.IsEqual(ListItem.DBTYPE,artist)">plugin://script.artwork.helper/multiimage/listitem/?refresh=$INFO[ListItem.DBID]&amp;&amp;arttype=fanart</value>
        <value condition="Skin.HasSetting(SkinHelper.EnableExtraFanart) + !String.IsEmpty(ListItem.Art(fanart)) + Window.IsVisible(Home) + System.HasAddon(script.artwork.helper) + Window.IsVisible(DialogMusicInfo.xml) + [String.IsEqual(ListItem.DBTYPE,album) | String.IsEqual(ListItem.DBTYPE,song)]">plugin://script.artwork.helper/multiimage/listitem/?refresh=$INFO[ListItem.DBID]&amp;&amp;arttype=artist.fanart</value>

        <value condition="Skin.HasSetting(SkinHelper.EnableExtraFanart) + !String.IsEmpty(Container.ListItem.Art(fanart)) + Window.IsVisible(Home) + System.HasAddon(script.artwork.helper) + [String.IsEqual(Container.ListItem.DBTYPE,movie) | String.IsEqual(Container.ListItem.DBTYPE,set) | String.IsEqual(Container.ListItem.DBTYPE,musicvideo) | String.IsEqual(Container.ListItem.DBTYPE,tvshow)] + !String.IsEmpty(Container.ListItem.DBID)">plugin://script.artwork.helper/multiimage/listitem/?refresh=$INFO[Container.ListItem.DBID]&amp;&amp;containerid=&amp;&amp;arttype=fanart</value>
        <value condition="Skin.HasSetting(SkinHelper.EnableExtraFanart) + !String.IsEmpty(Container.ListItem.Art(fanart)) + Window.IsVisible(Home) + System.HasAddon(script.artwork.helper) + [String.IsEqual(Container.ListItem.DBTYPE,season) | String.IsEqual(Container.ListItem.DBTYPE,episode)] + !String.IsEmpty(Container.ListItem.DBID)">plugin://script.artwork.helper/multiimage/listitem/?refresh=$INFO[Container.ListItem.DBID]&amp;&amp;containerid=&amp;&amp;arttype=tvshow.fanart</value>
        <value condition="Skin.HasSetting(SkinHelper.EnableExtraFanart) + !String.IsEmpty(Container.ListItem.Art(fanart)) + Window.IsVisible(Home) + System.HasAddon(script.artwork.helper) + [String.IsEqual(Container.ListItem.DBTYPE,season) | String.IsEqual(Container.ListItem.DBTYPE,episode)] + String.IsEmpty(Container.ListItem.DBID)">plugin://script.artwork.helper/multiimage/listitem/?refresh=$INFO[Container.ListItem.Label]&amp;&amp;containerid=&amp;&amp;arttype=tvshow.fanart</value>
        <value condition="Skin.HasSetting(SkinHelper.EnableExtraFanart) + !String.IsEmpty(Container.ListItem.Art(fanart)) + Window.IsVisible(Home) + System.HasAddon(script.artwork.helper) + [String.IsEqual(Container.ListItem.DBTYPE,album) | String.IsEqual(Container.ListItem.DBTYPE,song)]">plugin://script.artwork.helper/multiimage/listitem/?refresh=$INFO[Container.ListItem.DBID]&amp;&amp;containerid=&amp;&amp;arttype=artist.fanart</value>
        <value condition="Skin.HasSetting(SkinHelper.EnableExtraFanart) + !String.IsEmpty(Container.ListItem.Art(fanart)) + Window.IsVisible(Home) + System.HasAddon(script.artwork.helper) + [String.IsEqual(Container.ListItem.DBTYPE,artist)]">plugin://script.artwork.helper/multiimage/listitem/?refresh=$INFO[Container.ListItem.DBID]&amp;&amp;containerid=&amp;&amp;arttype=fanart</value>

        <!-- Skin Helper Extra Fanart -->
        <value condition="!String.IsEmpty(Window(Home).Property(SkinHelper.ListItem.Art.ExtraFanArt)) + Skin.HasSetting(SkinHelper.EnableExtraFanart) + [!Window.IsVisible(Home) | [Window.IsVisible(Home) + !Control.HasFocus(300) + !Control.HasFocus(302)]]">$INFO[Window(Home).Property(SkinHelper.ListItem.Art.ExtraFanArt)]</value>

        <!-- Fanart -->
        <value condition="!String.IsEmpty(ListItem.Art(fanart))">$INFO[ListItem.Art(fanart)]</value>
        <value condition="!String.IsEmpty(Container.ListItem.Art(fanart)) + Window.IsVisible(Home) + !Control.HasFocus(300) + !Control.HasFocus(302)">$INFO[Container.ListItem.Art(fanart)]</value>
        <value condition="!String.IsEmpty(ListItem.Property(Fanart_Image))">$INFO[ListItem.Property(Fanart_Image)]</value>
        <value condition="!String.IsEmpty(Container.ListItem.Property(Fanart_Image)) + Window.IsVisible(Home) + !Control.HasFocus(300) + !Control.HasFocus(302)">$INFO[Container.ListItem.Property(Fanart_Image)]</value>
        <value condition="!String.IsEmpty(ListItem.Property(Fanart))">$INFO[ListItem.Property(Fanart)]</value>
        <value condition="!String.IsEmpty(Container.ListItem.Property(Fanart)) + Window.IsVisible(Home) + !Control.HasFocus(300) + !Control.HasFocus(302)">$INFO[Container.ListItem.Property(Fanart)]</value>
        <value condition="!String.IsEmpty(Window(Home).Property(SkinHelper.ListItem.Art.Fanart)) + [!Window.IsVisible(Home) | [Window.IsVisible(Home) + !Control.HasFocus(300) + !Control.HasFocus(302)]]">$INFO[Window(Home).Property(SkinHelper.ListItem.Art.Fanart)]</value>

        <!-- Pictures -->
        <value condition="Window.IsVisible(MyPics.xml) + !String.IsEmpty(ListItem.FileNameAndPath)">$INFO[ListItem.FileNameAndPath]</value>

        <!-- Default -->
        <value>$VAR[Global_Background_Image_NoFanart]</value>
    </variable>
</includes>
