<?xml version="1.0" encoding="UTF-8"?>
<addons>
<addon id="plugin.program.aftermath" name="[B][COLOR dodgerblue]Aftermath[/COLOR][/B] Wizard" version="0.5.0" provider-name="drinfernoo">
  <requires>
    <import addon="xbmc.python" version="2.1.0"/>
  </requires>
  <extension point="xbmc.python.pluginsource" library="default.py">
    <provides>executable</provides>
  </extension>
  <extension point="xbmc.service" library="startup.py" start="startup" />
  <extension point="xbmc.addon.metadata">
    <summary lang="en">[B][COLOR dodgerblue]Aftermath[/COLOR][/B] Wizard</summary>
    <description lang="en">[B][COLOR dodgerblue]Aftermath[/COLOR][/B] Wizard offers many maintenance features, selective add-on data saving, and automated build installs.</description>
    <platform>all</platform>
  </extension>
</addon>

<addon id="repository.aftermath" name="[B][COLOR dodgerblue]Aftermath[/COLOR][/B] Repository" version="1.2" provider-name="drinfernoo">
	<extension point="xbmc.addon.repository" name="[B][COLOR dodgerblue]Aftermath[/COLOR][/B] Repository">
		<dir>
            <info compressed="false">https://raw.githubusercontent.com/drinfernoo/repository.aftermath/master/zips/addons.xml</info>
            <checksum>https://raw.githubusercontent.com/drinfernoo/repository.aftermath/master/zips/addons.xml.md5</checksum>
            <datadir zip="true">https://raw.githubusercontent.com/drinfernoo/repository.aftermath/master/zips/</datadir>
        </dir>
	</extension>
	<extension point="xbmc.addon.metadata">
		<summary>[B][COLOR dodgerblue]Aftermath[/COLOR][/B] Repository</summary>
		<description>The official home of the [B][COLOR dodgerblue]Aftermath[/COLOR][/B] Wizard.</description>
		<disclaimer></disclaimer>
		<platform>all</platform>
	</extension>
</addon>
</addons>
