<?xml version="1.0" encoding="utf-8"?>
<window type="window" id="3810">
  <defaultcontrol always="true">5050</defaultcontrol>
  <onunload>ClearProperty(SkinHelper.WidgetContainer,Home)</onunload>
  <onunload>ClearProperty(spothubscroll)</onunload>
  <controls>
    <include>Object_Home_Netflix</include>
    <control type="button" id="5051">
     <centerleft>50%</centerleft>
     <centertop>50%</centertop>
     <width>700</width>
     <height>60</height>
     <label>Hub is Empty - Click to Add Items</label>
     <textcolor>white</textcolor>
     <focusedcolor>White</focusedcolor>
     <texturefocus colordiffuse="$VAR[ColorHighlight]" border="16">common/white.png</texturefocus>
     <onclick>RunScript(script.skinshortcuts,type=manage&amp;group=netflixhubtv)</onclick>
     <visible>!Integer.IsGreater(Container(5055).NumItems,0) + !Container(5055).IsUpating</visible>
    </control>
    <control type="button" id="5050">
     <onfocus condition="!Integer.IsGreater(Container(5055).NumItems,0) + !Container(5055).IsUpating">SetFocus(5051)</onfocus>
     <onfocus condition="Integer.IsGreater(Container(5055).NumItems,0) | [!Integer.IsGreater(Container(5055).NumItems,0) + Container(5055).IsUpating]">SetFocus(5055)]</onfocus>
    </control> 
   <control type="grouplist" id="5055">
     <animation effect="slide" end="270,0" time="500" condition="Control.HasFocus(400)">Conditional</animation>
     <onback>ActivateWindow(Home)</onback>
     <scrolltime tween="linear">600</scrolltime>
     <posy>580</posy>
    <orientation>vertical</orientation>
    <itemgap>0</itemgap>
    <usecontrolcoords>true</usecontrolcoords>
    <left>-40</left>
    <movement>0</movement>
    <include>skinshortcuts-template-netflixhubtv</include>
   </control>
  </controls>
</window>
