<?xml version="1.0" encoding="UTF-8" standalone="yes"?>
<addons>
    <addon id="doko.repository" name="Doko Repository" version="0.1.0" provider-name="doko">
        <extension point="xbmc.addon.repository" name="Doko Repository">
            <info compressed="false">https://raw.githubusercontent.com/doko-desuka/doko.repository/master/addons.xml</info>
            <checksum>https://raw.githubusercontent.com/doko-desuka/doko.repository/master/addons.xml.md5</checksum>
            <datadir zip="true">https://raw.githubusercontent.com/doko-desuka/doko.repository/master/</datadir>
        </extension>
        <extension point="xbmc.addon.metadata">
            <summary>Doko Kodi Add-ons</summary>
            <description>Add-ons for Kodi</description>
            <disclaimer></disclaimer>
            <platform>all</platform>
        </extension>
    </addon>


    <addon id="plugin.video.toonmania2" name="Toonmania2" version="0.5.3" provider-name="doko, MetalKettle">
        <requires>
            <import addon="xbmc.python" version="2.19.0"/>
            <import addon="script.module.requests" />
            <import addon="script.module.beautifulsoup4"/>
        </requires>
        <extension point="xbmc.python.pluginsource" library="Default.py">
            <provides>video</provides>
        </extension>
        <extension point="xbmc.addon.metadata">
            <summary lang="en">Toonmania2</summary>
            <description lang="en">Watch cartoons and anime from [COLOR khaki][B]Animetoon[/B][/COLOR] (www.animetoon.org) and [COLOR khaki][B]Animeplus[/B][/COLOR] (www.animeplus.tv).[CR]Go pay them a visit![CR]Add-on by doko.
            </description>
            <news>[COLOR khaki][B]Toonmania2[/B][/COLOR] - Cartoons &amp; Anime[CR][B]0.5.3:[/B][CR]- Fixed a script bug.[CR][B]0.5.2:[/B][CR]- Added parsed query route.[CR][B]0.5.1:[/B][CR]- New setting: Show Search Results Group.[CR]Lets you choose if you want to see a parent group item after a name search.[CR][B]0.5.0:[/B][CR]- New search mode: your Trakt lists.[CR]- Kodi 18 support.</news>
            <disclaimer lang="en"></disclaimer>
            <platform>all</platform>
            <disclaimer lang="en">The authors of this addon do not host any of the content found or have any affiliation with the content providers or the websites that it scrapes information from.</disclaimer>
        </extension>
    </addon>


    <addon id="plugin.video.ctoonkodi" name="CTOON Kodi" version="0.3.9" provider-name="doko, Tikipeter">
      <requires>
        <import addon="xbmc.python" version="2.1.0"/>
        <import addon="script.module.requests" />
      </requires>
      <extension point="xbmc.python.pluginsource" library="Main.py">
        <provides>video</provides>
      </extension>
      <extension point="xbmc.addon.metadata">
        <summary lang="en"></summary>
        <description lang="en">[COLOR mediumpurple][B]CTOON Kodi[/B][/COLOR][CR][CR]A simple addon for streaming cartoon episodes from the [B]ctoon.party[/B] website.[CR][CR]Help keep CTOON alive, donate to the host: [COLOR khaki][B]ko-fi.com/A637AV5[/B][/COLOR]</description>
        <news>[COLOR mediumpurple][B]CTOON Kodi[/B][/COLOR] - Cartoons[CR][CR][B]0.3.9:[/B][CR]- Added settings (autoplay, clear cache)[CR]- Added disk and memory caching.[CR][CR][B]0.3.0:[/B][CR]- Added support for the CTOON web API.</news>
        <disclaimer lang="en"></disclaimer>
        <platform>all</platform>
      </extension>
    </addon>


    <addon id="plugin.video.watchnixtoons2" name="WatchNixtoons2" version="0.3.7" provider-name="doko">
        <requires>
            <import addon="xbmc.python" version="2.20.0"/>
            <import addon="script.module.requests"/>
        </requires>
        <extension point="xbmc.python.pluginsource" library="Default.py">
            <provides>video</provides>
        </extension>
        <extension point="xbmc.addon.metadata">
            <news>
[COLOR orange][B]WatchNixtoons2[/B][/COLOR] - Cartoons &amp; Anime
[B]0.3.7:[/B]
- Fixed thumbnail images with the Show Information context menu.

[B]0.3.6:[/B]
- Updated the URL to the website, after a domain change.

[B]0.3.5:[/B]
- Fixed the Episode and Movie searches, the results are now playable.
- Added the "Always Show Multi-chapter Dialog" setting, for use w/ shows that split episodes in parts.
- Improved the Trakt listings, they now support movies, shows, seasons and episodes.

[B]0.3.4:[/B]
- Added a simple search history feature, see Search -> "Search History" menu.

[B]0.3.3:[/B]
- Fixed the Trakt "liked" list display.

[B]0.3.2:[/B]
- Fixed a fault in the stream getting logic.
            </news>
            <description lang="en">
Watch cartoons and anime from [COLOR orange][B]WatchCartoonOnline.io[/B][/COLOR].

Support the WatchCartoonOnline website with a PayPal donation to:
[COLOR khaki][B]wcohelp@yandex.com[/B][/COLOR]

Add-on by doko.
            </description>
            <platform lang="en">all</platform>
            <disclaimer lang="en">The authors of this addon do not host any of the content found or have any affiliation with the content providers. This add-on only scrapes web pages.</disclaimer>
        </extension>
    </addon>


    <addon id="plugin.program.pairem" name="Pair 'Em" version="0.1.0" provider-name="doko, jewbmx">
        <requires>
            <import addon="xbmc.python" version="2.25.0" />
        </requires>
        <extension point="xbmc.python.pluginsource" library="default.py">
            <provides>executable</provides>
        </extension>
        <extension point="xbmc.addon.metadata">
            <platform>all</platform>
            <summary>Open a web browser to video hoster pairing pages</summary>
            <description>Open a web browser to video hoster pairing pages (Openload, Vev-io etc.)</description>
            <news>Open a web browser to video hoster pairing pages (Openload, Vev-io etc.)</news>
        </extension>
    </addon>


    <addon id="plugin.program.orderfavourites" name="Order Favourites" version="1.0.1" provider-name="doko">
      <requires>
        <import addon="xbmc.python" version="2.1.0"/>
      </requires>
      <extension point="xbmc.python.pluginsource" library="default.py">
        <provides>executable</provides>
      </extension>
      <extension point="xbmc.addon.metadata">
        <summary lang="en"></summary>
        <description lang="en">Lets you reorder the entries in your Favourites.[CR]Use this to organize your Favourites.[CR][CR]- Use SAVE to commit your changes.[CR]- Use RESET to reload the favourites file and start over.</description>
        <disclaimer lang="en"></disclaimer>
        <platform>all</platform>
      </extension>
    </addon>
</addons>