<?xml version="1.0" encoding="UTF-8"?>
<!-- Foundation -->
<window type="dialog" id="1030">
    <defaultcontrol always="true">9000</defaultcontrol>
    <!-- <onunload>AlarmClock(reloadskin,ReloadSkin(),00:00,silent,false)</onunload> -->
    <controls>
        <include>Global_Overlay</include>
        <control type="group">
            <include content="Dialog_Standard_Group">
                <param name="width" value="1000" />
                <param name="height" value="516" />
            </include>

            <control type="label">
                <description>Header Label</description>
                <label>Choose Widgets</label>
                <include>Dialog_Standard_Header</include>
            </control>

            <control type="grouplist" id="9000">
                <description>Control Area</description>
                <width>900</width>
                <top>100</top>
                <height>600</height>
                <orientation>vertical</orientation>
                <usecontrolcoords>true</usecontrolcoords>
                       <control type="button" id="9001" description="Configure Widget 1">
                            <include>Defs_Settings_Button</include>
                            <label>Set Widget 1</label>
			    <label2>$INFO[Skin.String(tvnetflixhub-610.label)]</label2>
                            <onclick>RunScript(script.skinshortcuts,type=widgets&amp;showNone=true&amp;skinWidgetName=tvnetflixhub-610.label&amp;skinWidgetTarget=tvnetflixhub-610.target&amp;skinWidgetPath=tvnetflixhub-610.path)</onclick>
                        </control>

                       <control type="button" id="9002" description="Configure Widget 2">
                            <include>Defs_Settings_Button</include>
                            <label>Set Widget 2</label>
                            <label2>$INFO[Skin.String(tvnetflixhub-620.label)]</label2>
                            <onclick>RunScript(script.skinshortcuts,type=widgets&amp;showNone=true&amp;skinWidgetName=tvnetflixhub-620.label&amp;skinWidgetTarget=tvnetflixhub-620.target&amp;skinWidgetPath=tvnetflixhub-620.path)</onclick>
                        </control>
                       <control type="button" id="9003" description="Configure Widget 3">
                            <include>Defs_Settings_Button</include>
                            <label>Set Widget 3</label>
                            <label2>$INFO[Skin.String(tvnetflixhub-630.label)]</label2>
                            <onclick>RunScript(script.skinshortcuts,type=widgets&amp;showNone=true&amp;skinWidgetName=tvnetflixhub-630.label&amp;skinWidgetTarget=tvnetflixhub-630.target&amp;skinWidgetPath=tvnetflixhub-630.path)</onclick>
                        </control>
                       <control type="button" id="9004" description="Configure Widget 4">
                            <include>Defs_Settings_Button</include>
                            <label>Set Widget 4</label>
                            <label2>$INFO[Skin.String(tvnetflixhub-640.label)]</label2>
                            <onclick>RunScript(script.skinshortcuts,type=widgets&amp;showNone=true&amp;skinWidgetName=tvnetflixhub-640.label&amp;skinWidgetTarget=tvnetflixhub-640.target&amp;skinWidgetPath=tvnetflixhub-640.path)</onclick>
                        </control>
           </control>

        </control>
    </controls>
</window>
