<?xml version="1.0" encoding="UTF-8" standalone="yes"?>
<addon id="repository.aftermath" name="[B][COLOR dodgerblue]Aftermath[/COLOR][/B] Repository" version="1.2" provider-name="drinfernoo">
	<extension point="xbmc.addon.repository" name="[B][COLOR dodgerblue]Aftermath[/COLOR][/B] Repository">
		<dir>
            <info compressed="false">https://raw.githubusercontent.com/drinfernoo/repository.aftermath/master/zips/addons.xml</info>
            <checksum>https://raw.githubusercontent.com/drinfernoo/repository.aftermath/master/zips/addons.xml.md5</checksum>
            <datadir zip="true">https://raw.githubusercontent.com/drinfernoo/repository.aftermath/master/zips/</datadir>
        </dir>
	</extension>
	<extension point="xbmc.addon.metadata">
		<summary>[B][COLOR dodgerblue]Aftermath[/COLOR][/B] Repository</summary>
		<description>The official home of the [B][COLOR dodgerblue]Aftermath[/COLOR][/B] Wizard.</description>
		<disclaimer></disclaimer>
		<platform>all</platform>
	</extension>
</addon>