<?xml version="1.0" encoding="UTF-8"?>
<!-- Foundation -->
<window type="dialog" id="1031">
    <defaultcontrol always="true">9000</defaultcontrol>
    <!-- <onunload>AlarmClock(reloadskin,ReloadSkin(),00:00,silent,false)</onunload> -->
    <controls>
        <include>Global_Overlay</include>
        <control type="group">
            <include content="Dialog_Standard_Group">
                <param name="width" value="1000" />
                <param name="height" value="516" />
            </include>

            <control type="label">
                <description>Header Label</description>
                <label>Choose Widgets</label>
                <include>Dialog_Standard_Header</include>
            </control>

            <control type="grouplist" id="9000">
                <description>Control Area</description>
                <width>900</width>
                <top>100</top>
                <height>600</height>
                <orientation>vertical</orientation>
                <usecontrolcoords>true</usecontrolcoords>
                       <control type="button" id="9001" description="Configure Widget 1">
                            <include>Defs_Settings_Button</include>
                            <label>Set Widget 1</label>
			    <label2>$INFO[Skin.String(movienetflixhub-410.label)]</label2>
                            <onclick>RunScript(script.skinshortcuts,type=widgets&amp;showNone=true&amp;skinWidgetName=movienetflixhub-410.label&amp;skinWidgetTarget=movienetflixhub-410.target&amp;skinWidgetPath=movienetflixhub-410.path)</onclick>
                        </control>

                       <control type="button" id="9002" description="Configure Widget 2">
                            <include>Defs_Settings_Button</include>
                            <label>Set Widget 2</label>
                            <label2>$INFO[Skin.String(movienetflixhub-420.label)]</label2>
                            <onclick>RunScript(script.skinshortcuts,type=widgets&amp;showNone=true&amp;skinWidgetName=movienetflixhub-420.label&amp;skinWidgetTarget=movienetflixhub-420.target&amp;skinWidgetPath=movienetflixhub-420.path)</onclick>
                        </control>
                       <control type="button" id="9003" description="Configure Widget 3">
                            <include>Defs_Settings_Button</include>
                            <label>Set Widget 3</label>
                            <label2>$INFO[Skin.String(movienetflixhub-430.label)]</label2>
                            <onclick>RunScript(script.skinshortcuts,type=widgets&amp;showNone=true&amp;skinWidgetName=movienetflixhub-430.label&amp;skinWidgetTarget=movienetflixhub-430.target&amp;skinWidgetPath=movienetflixhub-430.path)</onclick>
                        </control>
                       <control type="button" id="9004" description="Configure Widget 4">
                            <include>Defs_Settings_Button</include>
                            <label>Set Widget 4</label>
                            <label2>$INFO[Skin.String(movienetflixhub-440.label)]</label2>
                            <onclick>RunScript(script.skinshortcuts,type=widgets&amp;showNone=true&amp;skinWidgetName=movienetflixhub-440.label&amp;skinWidgetTarget=movienetflixhub-440.target&amp;skinWidgetPath=movienetflixhub-440.path)</onclick>
                        </control>
           </control>

        </control>
    </controls>
</window>
