<?xml version="1.0" encoding="UTF-8" standalone="yes"?>

<addon id="repository.MyKodiBuild" version="1.1.04" name="[B]My Kodi [COLOR dodgerblue]Build[/COLOR] Repo[/B]" provider-name="coreyp93">
	<extension point="xbmc.addon.repository" name="[B]My Kodi [COLOR dodgerblue]Build[/COLOR] Repo[/B]">

		<dir>
			<info compressed="false">https://raw.githubusercontent.com/coreyp93/MyKodiBuild/master/zips/addons.xml</info>
			<checksum>https://raw.githubusercontent.com/coreyp93/MyKodiBuild/master/zips/addons.xml.md5</checksum>
			<datadir zip="true">https://raw.githubusercontent.com/coreyp93/MyKodiBuild/master/zips/</datadir>
		</dir>
		
	<extension point="xbmc.addon.metadata">
		<summary lang="en">[B]My Kodi [COLOR dodgerblue]Build[/COLOR] Official Repo[/B]</summary>
		<description lang="en">[B]Home Of The My Kodi [COLOR dodgerblue]Build[/COLOR] Official Repo[/B]</description>
		<platform>all</platform>
		<assets>
			<icon>icon.png</icon>
			<fanart>fanart.jpg</fanart>
		</assets>
	</extension>

		<!-- Doko -->
			<dir>
				<info compressed="false">https://raw.githubusercontent.com/doko-desuka/doko.repository/master/addons.xml</info>
				<checksum>https://raw.githubusercontent.com/doko-desuka/doko.repository/master/addons.xml.md5</checksum>
				<datadir zip="true">https://raw.githubusercontent.com/doko-desuka/doko.repository/master/</datadir>
			</dir>

		<!-- Nixgates -->
			<dir>
				<info compressed="false">https://raw.githubusercontent.com/nixgates/nixgates/master/packages/addons.xml</info>
				<checksum>https://raw.githubusercontent.com/nixgates/nixgates/master/packages/addons.xml.md5</checksum>
				<datadir zip="true">https://raw.githubusercontent.com/nixgates/nixgates/master/packages</datadir>
			</dir>

		<!-- Addons4kodi -->
			<dir>
				<info compressed="false">https://raw.githubusercontent.com/a4k-openproject/repository.addons4kodi/master/zips/addons.xml</info>
				<checksum>https://raw.githubusercontent.com/a4k-openproject/repository.addons4kodi/master/zips/addons.xml.md5</checksum>
				<datadir zip="true">https://raw.githubusercontent.com/a4k-openproject/repository.addons4kodi/master/zips/</datadir>
			</dir>
			<dir>
				<info compressed="false">https://raw.githubusercontent.com/a4k-openproject/repository.openmeta/master/zips/addons.xml</info>
				<checksum>https://raw.githubusercontent.com/a4k-openproject/repository.openmeta/master/zips/addons.xml.md5</checksum>
				<datadir zip="true">https://raw.githubusercontent.com/a4k-openproject/repository.openmeta/master/zips/</datadir>
			</dir>
			<dir>
				<info compressed="false">https://raw.githubusercontent.com/a4k-openproject/repository.openscrapers/master/zips/addons.xml</info>
				<checksum>https://raw.githubusercontent.com/a4k-openproject/repository.openscrapers/master/zips/addons.xml.md5</checksum>
				<datadir zip="true">https://raw.githubusercontent.com/a4k-openproject/repository.openscrapers/master/zips/</datadir>
			</dir>
			
		<!-- Aenemapy -->
			<dir>
				<info compressed="false">https://raw.githubusercontent.com/aenemapy/aenemapyrepo/master/addons.xml</info>
				<checksum>https://raw.githubusercontent.com/aenemapy/aenemapyrepo/master/addons.xml.md5</checksum>
				<datadir zip="true">https://raw.githubusercontent.com/aenemapy/aenemapyrepo/master/zips/</datadir>
		   </dir>

		<!-- Aftermath -->
			<dir>
				<info compressed="false">https://raw.githubusercontent.com/drinfernoo/repository.aftermath/master/zips/addons.xml</info>
				<checksum>https://raw.githubusercontent.com/drinfernoo/repository.aftermath/master/zips/addons.xml.md5</checksum>
				<datadir zip="true">https://raw.githubusercontent.com/drinfernoo/repository.aftermath/master/zips/</datadir>
			</dir>
			<dir>
				<info compressed="false">https://raw.githubusercontent.com/drinfernoo/repository.openwizard/master/zips/addons.xml</info>
				<checksum>https://raw.githubusercontent.com/drinfernoo/repository.openwizard/master/zips/addons.xml.md5</checksum>
				<datadir zip="true">https://raw.githubusercontent.com/drinfernoo/repository.openwizard/master/zips/</datadir>
			</dir>
			
		<!-- Alfa-addon -->
			<dir>
				<info>https://github.com/alfa-addon/alfa-repo/raw/master/addons.xml</info>
				<checksum>https://github.com/alfa-addon/alfa-repo/raw/master/addons.xml.md5</checksum>
				<datadir zip="true">https://github.com/alfa-addon/alfa-repo/raw/master</datadir>
			</dir>

		<!-- Auramod -->
			<dir>
				<info compressed="false">https://raw.githubusercontent.com/skyfsza/repository.auramod/master/addons.xml</info>
				<checksum>https://raw.githubusercontent.com/skyfsza/repository.auramod/master/addons.xml.md5</checksum>
				<datadir zip="true">https://raw.githubusercontent.com/skyfsza/repository.auramod/master/</datadir>
			</dir>


		<!-- Bingie -->
			<dir>
				<info compressed="false">https://raw.githubusercontent.com/cartmandos/repository.bingie/master/addons.xml</info>
				<checksum>https://raw.githubusercontent.com/cartmandos/repository.bingie/master/addons.xml.md5</checksum>
				<datadir zip="true">https://raw.githubusercontent.com/cartmandos/repository.bingie/master/</datadir>
			</dir>
			
		<!-- Blamo -->
			<dir>
				<info compressed="false">https://raw.githubusercontent.com/MrBlamo6969/repo/master/zips/addons.xml</info>
				<checksum>https://raw.githubusercontent.com/MrBlamo6969/repo/master/zips/addons.xml.md5</checksum>
				<datadir zip="true">https://raw.githubusercontent.com/MrBlamo6969/repo/master/zips/</datadir>
			</dir>
			<dir>
				<info compressed="false">https://raw.githubusercontent.com/marcelveldt/repository.marcelveldt/master/addons.xml</info>
				<checksum>https://raw.githubusercontent.com/marcelveldt/repository.marcelveldt/master/addons.xml.md5</checksum>
				<datadir zip="true">https://raw.githubusercontent.com/marcelveldt/repository.marcelveldt/master/</datadir>
			</dir>
			<dir>
				<info compressed="false">https://raw.githubusercontent.com/totalrevolution/python-koding/master/zips/addons.xml</info>
				<checksum>https://raw.githubusercontent.com/totalrevolution/python-koding/master/zips/addons.xml.md5</checksum>
				<datadir zip="true">https://raw.githubusercontent.com/totalrevolution/python-koding/master/zips/</datadir>
			</dir>
			<dir>
				<info compressed="false">https://repo.orionoid.com/addons.xml?v=3.3.0</info>
				<checksum>https://repo.orionoid.com/addons.xml.md5?v=3.3.0</checksum>
				<datadir zip="true">https://repo.orionoid.com</datadir>
			</dir>
			<dir>
				<info compressed="false">https://raw.githubusercontent.com/teamuniversal/scrapers/master/_modules4all/zips/addons.xml</info>
				<checksum>https://raw.githubusercontent.com/teamuniversal/scrapers/master/_modules4all/zips/addons.xml.md5</checksum>
				<datadir zip="true">https://raw.githubusercontent.com/teamuniversal/scrapers/master/_modules4all/zips/</datadir>
			</dir>
			<dir>
				<info compressed="false">https://raw.githubusercontent.com/jsergio123/zips/master/addons.xml</info>
				<checksum>https://raw.githubusercontent.com/jsergio123/zips/master/addons.xml.md5</checksum>
				<datadir zip="true">https://raw.githubusercontent.com/jsergio123/zips/master/</datadir>
			</dir>

		<!-- CastagnaIT -->
			<dir>
				<info>https://github.com/CastagnaIT/repository.castagnait/raw/master/addons.xml</info>
				<checksum>https://github.com/CastagnaIT/repository.castagnait/raw/master/addons.xml.md5</checksum>
				<datadir zip="true">https://github.com/CastagnaIT/repository.castagnait/raw/master/zip</datadir>
			</dir>

		<!-- cCloud -->
			<dir>
				<info compressed="false">https://github.com/darknessally/tva-resolvers-repo/raw/master/addons.xml</info>
				<checksum>https://github.com/darknessally/tva-resolvers-repo/raw/master/addons.xml.md5</checksum>
				<datadir zip="true">https://github.com/darknessally/tva-resolvers-repo/raw/master/zips/</datadir>
			</dir>
			<dir>
				<info compressed="false">http://github.com/darknessally/firerises/raw/master/addons.xml</info>
				<checksum>http://github.com/darknessally/firerises/raw/master/addons.xml.md5</checksum>
				<datadir zip="true">http://github.com/darknessally/firerises/raw/master/zips</datadir>
			</dir>


		<!-- DejaVu -->
			<dir>
				<info compressed="false">https://raw.githubusercontent.com/totalrevolution/python-koding/master/zips/addons.xml</info>
				<checksum>https://raw.githubusercontent.com/totalrevolution/python-koding/master/zips/addons.xml.md5</checksum>
				<datadir zip="true">https://raw.githubusercontent.com/totalrevolution/python-koding/master/zips/</datadir>
			</dir>
			<dir>
				<info compressed="false">https://raw.githubusercontent.com/Maverick53/modrepo/master/addons.xml</info>
				<checksum>https://raw.githubusercontent.com/Maverick53/modrepo/master/addons.xml.md5</checksum>
				<datadir zip="true">https://raw.githubusercontent.com/Maverick53/modrepo/master/plugins/</datadir>
			</dir>
			<dir>
				<info compressed="false">https://raw.githubusercontent.com/teamuniversal/scrapers/master/_modules4all/zips/addons.xml</info>
				<checksum>https://raw.githubusercontent.com/teamuniversal/scrapers/master/_modules4all/zips/addons.xml.md5</checksum>
				<datadir zip="true">https://raw.githubusercontent.com/teamuniversal/scrapers/master/_modules4all/zips/</datadir>
			</dir>
			<dir>
				<info compressed="false">https://raw.githubusercontent.com/jsergio123/zips/master/addons.xml</info>
				<checksum>https://raw.githubusercontent.com/jsergio123/zips/master/addons.xml.md5</checksum>
				<datadir zip="true">https://raw.githubusercontent.com/jsergio123/zips/master/</datadir>
			</dir>
			<dir>
				<info compressed="false">https://raw.githubusercontent.com/Floyd6969/repo/master/addons.xml</info>
				<checksum>https://raw.githubusercontent.com/Floyd6969/repo/master/addons.xml.md5</checksum>
				<datadir zip="true">https://raw.githubusercontent.com/Floyd6969/repo/master/plugins/</datadir>
			</dir>
				
		<!-- Diamond Build -->
			<dir>
				<info compressed="false">https://raw.githubusercontent.com/bobbybark/diamond-build-repo/master/addons.xml</info>
				<checksum>https://raw.githubusercontent.com/bobbybark/diamond-build-repo/master/addons.xml.md5</checksum>
				<datadir zip="true">https://raw.githubusercontent.com/bobbybark/diamond-build-repo/master/</datadir>
			</dir>
			<dir>
				<info compressed="false">https://raw.githubusercontent.com/bobbybark/diamond-7of9-addon-repo/master/addons.xml</info>
				<checksum>https://raw.githubusercontent.com/bobbybark/diamond-7of9-addon-repo/master/addons.xml.md5</checksum>
				<datadir zip="true">https://raw.githubusercontent.com/bobbybark/diamond-7of9-addon-repo/master/</datadir>
			</dir>
			<dir>
				<info compressed="false">https://raw.githubusercontent.com/bobbybark/diamond-7of9-dependency-repo/master/addons.xml</info>
				<checksum>https://raw.githubusercontent.com/bobbybark/diamond-7of9-dependency-repo/master/addons.xml.md5</checksum>
				<datadir zip="true">https://raw.githubusercontent.com/bobbybark/diamond-7of9-dependency-repo/master/</datadir>
			</dir>
			<dir>
				<info compressed="false">https://raw.githubusercontent.com/a4k-openproject/repository.openscrapers/master/zips/addons.xml</info>
				<checksum>https://raw.githubusercontent.com/a4k-openproject/repository.openscrapers/master/zips/addons.xml.md5</checksum>
				<datadir zip="true">https://raw.githubusercontent.com/a4k-openproject/repository.openscrapers/master/zips/</datadir>
			</dir>
			<dir>
				<info compressed="false">https://raw.githubusercontent.com/jenaddon/repository.jenrepo/master/zips/addons.xml</info>
				<checksum>https://raw.githubusercontent.com/jenaddon/repository.jenrepo/master/zips/addons.xml.md5</checksum>
				<datadir zip="true">https://raw.githubusercontent.com/jenaddon/repository.jenrepo/master/zips/</datadir>
			</dir>
			<dir>
				<info compressed="false">https://raw.githubusercontent.com/teamuniversal/scrapers/master/_modules4all/zips/addons.xml</info>
				<checksum>https://raw.githubusercontent.com/teamuniversal/scrapers/master/_modules4all/zips/addons.xml.md5</checksum>
				<datadir zip="true">https://raw.githubusercontent.com/teamuniversal/scrapers/master/_modules4all/zips/</datadir>
			</dir>
			<dir>
				<info compressed="false">https://raw.githubusercontent.com/jsergio123/zips/master/addons.xml</info>
				<checksum>https://raw.githubusercontent.com/jsergio123/zips/master/addons.xml.md5</checksum>
				<datadir zip="true">https://raw.githubusercontent.com/jsergio123/zips/master/</datadir>
			</dir>
			<dir>
				<info compressed="false">https://raw.githubusercontent.com/totalrevolution/python-koding/master/zips/addons.xml</info>
				<checksum>https://raw.githubusercontent.com/totalrevolution/python-koding/master/zips/addons.xml.md5</checksum>
				<datadir zip="true">https://raw.githubusercontent.com/totalrevolution/python-koding/master/zips/</datadir>
			</dir>
			<dir>
				<info compressed="false">https://raw.githubusercontent.com/marcelveldt/repository.marcelveldt/master/addons.xml</info>
				<checksum>https://raw.githubusercontent.com/marcelveldt/repository.marcelveldt/master/addons.xml.md5</checksum>
				<datadir zip="true">https://raw.githubusercontent.com/marcelveldt/repository.marcelveldt/master/</datadir>
			</dir>
			
		 <!-- Exodus Redux -->
			<dir>
				<info compressed="false">https://raw.githubusercontent.com/I-A-C/zips/master/addons.xml</info>
				<checksum>https://raw.githubusercontent.com/I-A-C/zips/master/addons.xml.md5</checksum>
				<datadir zip="true">https://raw.githubusercontent.com/I-A-C/zips/master/</datadir>
			</dir>
			<dir>
				<info compressed="false">https://raw.githubusercontent.com/a4k-openproject/repository.openscrapers/master/zips/addons.xml</info>
				<checksum>https://raw.githubusercontent.com/a4k-openproject/repository.openscrapers/master/zips/addons.xml.md5</checksum>
				<datadir zip="true">https://raw.githubusercontent.com/a4k-openproject/repository.openscrapers/master/zips/</datadir>
			</dir>
			<dir>
				<info compressed="false">https://raw.githubusercontent.com/jsergio123/zips/master/addons.xml</info>
				<checksum>https://raw.githubusercontent.com/jsergio123/zips/master/addons.xml.md5</checksum>
				<datadir zip="true">https://raw.githubusercontent.com/jsergio123/zips/master/</datadir>
			</dir>
			
		 <!-- FoxyStreams -->
			<dir>
				<info compressed="false">https://raw.githubusercontent.com/ruinernin/foxystreams/repo/zips/addons.xml</info>
				<checksum>https://raw.githubusercontent.com/ruinernin/foxystreams/repo/zips/addons.xml.md5</checksum>
				<datadir zip="true">https://raw.githubusercontent.com/ruinernin/foxystreams/repo/zips/</datadir>
			</dir>
			
		 <!-- FoxyStreams-dev -->
			<dir>
				<info compressed="false">https://raw.githubusercontent.com/ruinernin/foxystreams/devrepo/zips/addons.xml</info>
				<checksum>https://raw.githubusercontent.com/ruinernin/foxystreams/devrepo/zips/addons.xml.md5</checksum>
				<datadir zip="true">https://raw.githubusercontent.com/ruinernin/foxystreams/devrepo/zips/</datadir>
			</dir>
			
		 <!-- Sualfreds -->
			<dir>
				<info compressed="false">https://repo.derfred.net/repositories/addons.xml</info>
				<checksum>https://repo.derfred.net/repositories/addons.xml.md5</checksum>
				<datadir zip="true">https://repo.derfred.net/repositories/</datadir>
			</dir>
			<dir minversion="17.9.0">
				<info compressed="false">https://repo.derfred.net/leia/addons.xml</info>
				<checksum>https://repo.derfred.net/leia/addons.xml.md5</checksum>
				<datadir zip="true">https://repo.derfred.net/leia/</datadir>
			</dir>
			<dir minversion="16.9.0">
				<info compressed="false">https://repo.derfred.net/krypton/addons.xml</info>
				<checksum>https://repo.derfred.net/krypton/addons.xml.md5</checksum>
				<datadir zip="true">https://repo.derfred.net/krypton/</datadir>
			</dir>

		 <!-- Gaia -->
			<dir>
				<info compressed="false">https://github.com/gaiaorigin/gaiaorigin/raw/master/common/addons.xml?v=5.0.0</info>
				<checksum>https://github.com/gaiaorigin/gaiaorigin/raw/master/common/addons.xml.md5?v=5.0.0</checksum>
				<datadir zip="true">https://github.com/gaiaorigin/gaiaorigin/raw/master/common/</datadir>
			</dir>
			
		 <!-- JewBMX -->
			<dir>
				<info compressed="false">https://raw.githubusercontent.com/jewbmx/repo/master/zips/addons.xml</info>
				<checksum>https://raw.githubusercontent.com/jewbmx/repo/master/zips/addons.xml.md5</checksum>
				<datadir zip="true">https://raw.githubusercontent.com/jewbmx/repo/master/zips/</datadir>
			</dir>
			<dir>
				<info compressed="false">https://raw.githubusercontent.com/jewbmx/JewBackD/master/zips/addons.xml</info>
				<checksum>https://raw.githubusercontent.com/jewbmx/JewBackD/master/zips/addons.xml.md5</checksum>
				<datadir zip="true">https://raw.githubusercontent.com/jewbmx/JewBackD/master/zips/</datadir>
			</dir>
			<dir>
				<info compressed="false">https://raw.githubusercontent.com/teamuniversal/scrapers/master/_modules4all/zips/addons.xml</info>
				<checksum>https://raw.githubusercontent.com/teamuniversal/scrapers/master/_modules4all/zips/addons.xml.md5</checksum>
				<datadir zip="true">https://raw.githubusercontent.com/teamuniversal/scrapers/master/_modules4all/zips/</datadir>
			</dir>
			<dir>
				<info compressed="false">https://raw.githubusercontent.com/jsergio123/zips/master/addons.xml</info>
				<checksum>https://raw.githubusercontent.com/jsergio123/zips/master/addons.xml.md5</checksum>
				<datadir zip="true">https://raw.githubusercontent.com/jsergio123/zips/master/</datadir>
			</dir>
			
		 <!-- Jsergio -->
			<dir>
				<info compressed="false">https://raw.githubusercontent.com/jsergio123/zips/master/addons.xml</info>
				<checksum>https://raw.githubusercontent.com/jsergio123/zips/master/addons.xml.md5</checksum>
				<datadir zip="true">https://raw.githubusercontent.com/jsergio123/zips/master/</datadir>
			</dir>
			
		 <!-- JurialMunkey -->
			<dir>
				<info compressed="false">https://raw.githubusercontent.com/jurialmunkey/repository.jurialmunkey/master/zips/addons.xml</info>
				<checksum>https://raw.githubusercontent.com/jurialmunkey/repository.jurialmunkey/master/zips/addons.xml.md5</checksum>
				<datadir zip="true">https://raw.githubusercontent.com/jurialmunkey/repository.jurialmunkey/master/zips/</datadir>
			</dir>
		   
		 <!-- Kodi Bae -->
			<dir>
				<info compressed="false">https://github.com/tvaddonsco/tva-resolvers-repo/raw/master/addons.xml</info>
				<checksum>https://github.com/tvaddonsco/tva-resolvers-repo/raw/master/addons.xml.md5</checksum>
				<datadir zip="true">https://github.com/tvaddonsco/tva-resolvers-repo/raw/master/zips/</datadir>
			</dir>
			<dir>
				<info compressed="false">https://raw.githubusercontent.com/kodibae/repository.kodibae/master/addons.xml</info>
				<checksum>https://raw.githubusercontent.com/kodibae/repository.kodibae/master/addons.xml.md5</checksum>
				<datadir zip="true">https://raw.githubusercontent.com/kodibae/repository.kodibae/master/</datadir>
			</dir>
			
		 <!-- Kodil -->
			<dir>
				<info compressed="false">https://raw.githubusercontent.com/kodil/kodil/master/addons.xml</info>
				<checksum>https://raw.githubusercontent.com/kodil/kodil/master/addons.xml.md5</checksum>
				<datadir zip="true">https://raw.githubusercontent.com/kodil/kodil/master/repo</datadir>
			</dir>
		   
		 <!-- Magicality -->

			<dir>
				<info compressed="false">https://raw.githubusercontent.com/Wilson-Magic/repository.magicality/master/zips/addons.xml</info>
				<checksum>https://raw.githubusercontent.com/Wilson-Magic/repository.magicality/master/zips/addons.xml.md5</checksum>
				<datadir zip="true">https://raw.githubusercontent.com/Wilson-Magic/repository.magicality/master/zips</datadir>
			</dir>

		 <!-- Marcelveldt -->
			<dir>
				<info compressed="false">https://raw.githubusercontent.com/marcelveldt/repository.marcelveldt/master/addons.xml</info>
				<checksum>https://raw.githubusercontent.com/marcelveldt/repository.marcelveldt/master/addons.xml.md5</checksum>
				<datadir zip="true">https://raw.githubusercontent.com/marcelveldt/repository.marcelveldt/master/</datadir>
			</dir>
			
		 <!-- Marduk -->
			<dir>
				<info compressed="false">https://raw.githubusercontent.com/marduklev/repository.marduk/master/addons.xml</info>
				<checksum>https://raw.githubusercontent.com/marduklev/repository.marduk/master/addons.xml.md5</checksum>
				<datadir zip="true">https://raw.githubusercontent.com/marduklev/repository.marduk/master/</datadir>
			</dir>
			
		 <!-- Mbebe -->
			<dir>
				<info compressed="false">https://raw.githubusercontent.com/mbebe/blomqvist/master/zips/addons.xml</info>
				<checksum>https://raw.githubusercontent.com/mbebe/blomqvist/master/zips/addons.xml.md5</checksum>
				<datadir zip="true">https://github.com/mbebe/blomqvist/raw/master/zips</datadir>
			</dir>
			<dir>
				<info compressed="false">https://raw.githubusercontent.com/Proximus2000/mb-support/master/zips/addons.xml</info>
				<checksum>https://raw.githubusercontent.com/Proximus2000/mb-support/master/zips/addons.xml.md5</checksum>
				<datadir zip="true">https://github.com/Proximus2000/mb-support/raw/master/zips</datadir>
			</dir>
			
		 <!-- OpenMeta -->
			<dir>
				<info compressed="false">https://raw.githubusercontent.com/a4k-openproject/repository.openmeta/master/zips/addons.xml</info>
				<checksum>https://raw.githubusercontent.com/a4k-openproject/repository.openmeta/master/zips/addons.xml.md5</checksum>
				<datadir zip="true">https://raw.githubusercontent.com/a4k-openproject/repository.openmeta/master/zips/</datadir>
			</dir>
			<dir>
				<info compressed="false">https://raw.githubusercontent.com/marcelveldt/repository.marcelveldt/master/addons.xml</info>
				<checksum>https://raw.githubusercontent.com/marcelveldt/repository.marcelveldt/master/addons.xml.md5</checksum>
				<datadir zip="true">https://raw.githubusercontent.com/marcelveldt/repository.marcelveldt/master/</datadir>
			</dir>
			
		 <!-- OpenScrapers -->
			<dir>
				<info compressed="false">https://raw.githubusercontent.com/a4k-openproject/repository.openscrapers/master/zips/addons.xml</info>
				<checksum>https://raw.githubusercontent.com/a4k-openproject/repository.openscrapers/master/zips/addons.xml.md5</checksum>
				<datadir zip="true">https://raw.githubusercontent.com/a4k-openproject/repository.openscrapers/master/zips/</datadir>
			</dir>
			
		 <!-- Open Wizard -->
			<dir>
				<info compressed="false">https://raw.githubusercontent.com/drinfernoo/repository.openwizard/master/zips/addons.xml</info>
				<checksum>https://raw.githubusercontent.com/drinfernoo/repository.openwizard/master/zips/addons.xml.md5</checksum>
				<datadir zip="true">https://raw.githubusercontent.com/drinfernoo/repository.openwizard/master/zips/</datadir>
			</dir>
				
		 <!-- Plexkodiconnect -->
			<dir>
				<info compressed="false">https://github.com/croneter/repository.plexkodiconnect/repo/addons.xml</info>
				<checksum>https://github.com/croneter/repository.plexkodiconnect/repo/addons.xml.md5</checksum>
				<datadir zip="true">https://github.com/croneter/repository.plexkodiconnect/repo/bin/</datadir>
			</dir>
			
		 <!-- Rector -->
			<dir>		
				<info>https://raw.githubusercontent.com/rmrector/repository.rector.stuff/master/addons.xml</info>
				<checksum>https://raw.githubusercontent.com/rmrector/repository.rector.stuff/master/addons.xml.md5</checksum>
				<datadir zip="true">https://raw.githubusercontent.com/rmrector/repository.rector.stuff/master/</datadir>
			</dir>
			
		 <!-- Reddit Reaper -->
			<dir>
				<info compressed="false">https://raw.githubusercontent.com/reddit-reaper/Addons/master/addons.xml</info>
				<checksum>https://raw.githubusercontent.com/reddit-reaper/Addons/master/addons.xml.md5</checksum>
				<datadir zip="true">https://github.com/reddit-reaper/Addons/raw/master/</datadir>
			</dir>
			
		 <!-- Supreme Builds -->
			<dir>
				<info compressed="false">https://raw.githubusercontent.com/kodiskills/supremebuildsrepo/master/zips/addons.xml</info>
				<checksum>https://raw.githubusercontent.com/kodiskills/supremebuildsrepo/master/zips/addons.xml.md5</checksum>
				<datadir zip="true">https://raw.githubusercontent.com/kodiskills/supremebuildsrepo/master/zips/</datadir>
			</dir>
			
		 <!-- Tempest -->
			<dir>
				<info compressed="false">https://raw.githubusercontent.com/Tempest0580/tempest/master/zips/addons.xml</info>
				<checksum>https://raw.githubusercontent.com/Tempest0580/tempest/master/zips/addons.xml.md5</checksum>
				<datadir zip="true">https://raw.githubusercontent.com/Tempest0580/tempest/master/zips/</datadir>
			</dir>
			
		 <!-- Temptv -->
			<dir>
				<info compressed="false">https://raw.githubusercontent.com/Tempest0580/temptv/master/zips/addons.xml</info>
				<checksum>https://raw.githubusercontent.com/Tempest0580/temptv/master/zips/addons.xml.md5</checksum>
				<datadir zip="true">https://raw.githubusercontent.com/Tempest0580/temptv/master/zips/</datadir>
			</dir>

		 <!-- The Crew -->
			<dir>
				<info compressed="false">https://bitbucket.org/threw/the-crew/raw/master/_zips/addons.xml</info>
				<checksum>https://bitbucket.org/threw/the-crew/raw/master/_zips/addons.xml.md5</checksum>
				<datadir zip="true">https://bitbucket.org/threw/the-crew/raw/master/_zips/</datadir>
			</dir>
			<dir>
				<info compressed="false">https://raw.githubusercontent.com/jsergio123/zips/master/addons.xml</info>
				<checksum>https://raw.githubusercontent.com/jsergio123/zips/master/addons.xml.md5</checksum>
				<datadir zip="true">https://raw.githubusercontent.com/jsergio123/zips/master/</datadir>
			</dir>
			<dir>
				<info compressed="false">https://raw.githubusercontent.com/teamuniversal/scrapers/master/_modules4all/zips/addons.xml</info>
				<checksum>https://raw.githubusercontent.com/teamuniversal/scrapers/master/_modules4all/zips/addons.xml.md5</checksum>
				<datadir zip="true">https://raw.githubusercontent.com/teamuniversal/scrapers/master/_modules4all/zips/</datadir>
			</dir>
			<dir>
				<info compressed="false">https://raw.githubusercontent.com/dobbelina/repository.dobbelina/master/addons.xml</info>
				<checksum>https://raw.githubusercontent.com/dobbelina/repository.dobbelina/master/addons.xml.md5</checksum>
				<datadir zip="true">https://raw.githubusercontent.com/dobbelina/repository.dobbelina/master/</datadir>
			</dir>
			<dir>
				<info compressed="false">https://repo.orionoid.com/addons.xml?v=3.3.0</info>
				<checksum>https://repo.orionoid.com/addons.xml.md5?v=3.3.0</checksum>
				<datadir zip="true">https://repo.orionoid.com</datadir>
			</dir>
			<dir>
				<info compressed="false">https://raw.githubusercontent.com/a4k-openproject/repository.openscrapers/master/zips/addons.xml</info>
				<checksum>https://raw.githubusercontent.com/a4k-openproject/repository.openscrapers/master/zips/addons.xml.md5</checksum>
				<datadir zip="true">https://raw.githubusercontent.com/a4k-openproject/repository.openscrapers/master/zips/</datadir>
			</dir>

			 <!-- Tikipeter -->
			<dir>
				<info compressed="false">https://raw.githubusercontent.com/Tikipeter/repository.tikipeter/master/addons.xml</info>
				<checksum>https://raw.githubusercontent.com/Tikipeter/repository.tikipeter/master/addons.xml.md5</checksum>
				<datadir zip="true">https://raw.githubusercontent.com/Tikipeter/repository.tikipeter/master/zip</datadir>
			</dir>
			<dir>
				<info compressed="false">https://raw.githubusercontent.com/jsergio123/zips/master/addons.xml</info>
				<checksum>https://raw.githubusercontent.com/jsergio123/zips/master/addons.xml.md5</checksum>
				<datadir zip="true">https://raw.githubusercontent.com/jsergio123/zips/master/</datadir>
			</dir>
			<!--dir>
				<info compressed="false">https://raw.githubusercontent.com/teamuniversal/scrapers/master/_modules4all/zips/addons.xml</info>
				<checksum>https://raw.githubusercontent.com/teamuniversal/scrapers/master/_modules4all/zips/addons.xml.md5</checksum>
				<datadir zip="true">https://raw.githubusercontent.com/teamuniversal/scrapers/master/_modules4all/zips/</datadir>
			</dir-->
			
		 <!-- Venom -->
			<dir>
				<info compressed="false">https://raw.githubusercontent.com/123Venom/zips/master/addons.xml</info>
				<checksum>https://raw.githubusercontent.com/123Venom/zips/master/addons.xml.md5</checksum>
				<datadir zip="true">https://raw.githubusercontent.com/123Venom/zips/master/</datadir>
			</dir>

			<dir>
				<info compressed="false">https://raw.githubusercontent.com/a4k-openproject/repository.openscrapers/master/zips/addons.xml</info>
				<checksum>https://raw.githubusercontent.com/a4k-openproject/repository.openscrapers/master/zips/addons.xml.md5</checksum>
				<datadir zip="true">https://raw.githubusercontent.com/a4k-openproject/repository.openscrapers/master/zips/</datadir>
			</dir>

			<dir>
				<info compressed="false">https://raw.githubusercontent.com/nixgates/nixgates/master/packages/addons.xml</info>
				<checksum>https://raw.githubusercontent.com/nixgates/nixgates/master/packages/addons.xml.md5</checksum>
				<datadir zip="true">https://raw.githubusercontent.com/nixgates/nixgates/master/packages</datadir>
			</dir>

			<dir>
				<info compressed="false">https://raw.githubusercontent.com/a4k-openproject/repository.openmeta/master/zips/addons.xml</info>
				<checksum>https://raw.githubusercontent.com/a4k-openproject/repository.openmeta/master/zips/addons.xml.md5</checksum>
				<datadir zip="true">https://raw.githubusercontent.com/a4k-openproject/repository.openmeta/master/zips/</datadir>
			</dir>

			<dir>
				<info compressed="false">https://raw.githubusercontent.com/marcelveldt/repository.marcelveldt/master/addons.xml</info>
				<checksum>https://raw.githubusercontent.com/marcelveldt/repository.marcelveldt/master/addons.xml.md5</checksum>
				<datadir zip="true">https://raw.githubusercontent.com/marcelveldt/repository.marcelveldt/master/</datadir>
			</dir>

	</extension>
</addon>