<?xml version="1.0" encoding="utf-8"?>
<window type="window" id="3810">
  <defaultcontrol always="true">4000</defaultcontrol>
  <onload condition="Window.Previous(Home) | String.IsEmpty(Skin.String(HubMenuFocus))">AlarmClock(focusWidgets,SetFocus(5055),00:00,silent)</onload>
  <onload condition="!Window.Previous(Home) + !String.IsEmpty(Skin.String(HubMenuFocus))">SetFocus(400,3,absolute)</onload>
  <onunload>ClearProperty(SkinHelper.WidgetContainer,Home)</onunload>
  <controls>
    <include>Object_Home_Netflix</include>
   <control type="group">
    <include>Home_HubMenu_Layout</include>
    <visible>Control.HasFocus(400)</visible>
   </control>
    <control type="grouplist" id="5055">
     <animation effect="slide" end="270,0" time="500" condition="Control.HasFocus(400)">Conditional</animation>
     <onback>ActivateWindow(Home)</onback>
     <onleft>SetFocus(400,3)</onleft>
     <scrolltime tween="linear">400</scrolltime>
     <posy>580</posy>
    <orientation>vertical</orientation>
    <itemgap>0</itemgap>
    <usecontrolcoords>true</usecontrolcoords>
    <left>-40</left>
    <movement>0</movement>
    <include>skinshortcuts-template-netflixhubtv</include>
   <control type="group" id="661">
   <height>120</height>
   </control>
  <control type="fixedlist" id="660">
      <left>60</left>
      <scrolltime tween="sine" easing="out">500</scrolltime> 
      <height>350</height>
      <orientation>horizontal</orientation>
      <onup>650</onup>
      <width>1980</width>
      <preloaditems>2</preloaditems>
      <itemlayout width="373.33" height="200" condition="Skin.HasSetting(SubmenuLabel)">
        <include content="Widget_Hub_ItemLayout">
          <param name="category" value="true" />
          <param name="genres" value="$PARAM[genres]" />
          <param name="studios" value="$PARAM[studios]" />
          <param name="text" value="$PARAM[text]" />
        </include>
      </itemlayout>
      <focusedlayout width="373.33" height="200" condition="Skin.HasSetting(SubmenuLabel)">
        <include content="Widget_Hub_FocusedLayout">
          <param name="id" value="660" />
          <param name="category" value="true" />
          <param name="genres" value="$PARAM[genres]" />
          <param name="studios" value="$PARAM[studios]" />
          <param name="text" value="$PARAM[text]" />
        </include>
      </focusedlayout>
      <include>Home_Widget_HubMenu_TVItems</include>
    </control>
    </control>
  </controls>
</window>
