<?xml version="1.0" encoding="UTF-8"?>
<includes>

    <include name="View_ViewIDs"><views>50,51,52,53,503,54,55,56,57,58,59,500,501,502,504,509,505,507</views></include>

    <include name="View_Group">
        <top>view_pad</top>
    </include>

    <include name="View_Pad">
        <left>view_pad</left>
        <right>view_pad</right>
        <top>view_pad</top>
    </include>
    <include name="View_Pad_Netflix">
   	<left>40</left>
        <top>-20</top>
    </include>

    <include name="View_NotTheseWindows">
        <visible>![Window.IsVisible(MyPVRChannels.xml) | Window.IsVisible(MyPVRGuide.xml) | Window.IsVisible(MyPVRRecordings.xml) | Window.IsVisible(MyPVRTimers.xml) | Window.IsVisible(MyPVRSearch.xml) | Window.IsVisible(MyPlaylist.xml)]</visible>
    </include>

    <include name="View_Library">
        <control type="group">
            <visible allowhiddenfocus="true">!$EXP[Exp_HideFurniture]</visible>
            <include>Animation_FadeInOut</include>
	   <control type="group">
	    <include>Global_Background</include>
	    <visible>!Skin.HasSetting(DisableNetflixView) + [!Window.IsVisible(MyPVRChannels.xml) + !Window.IsVisible(MyPVRGuide.xml) + !Control.HasFocus(505) + !Control.HasFocus(5055) + !Control.HasFocus(55) + !Control.IsVisible(56) + !Control.HasFocus(509) + !Control.HasFocus(300) + !Control.HasFocus(504)]</visible>
	    </control>
            <control type="group">
                <include>View_Group</include>
                <include>Animation_Left</include>
                <include>Defs_InfoDialog_Visible</include>
                <visible>!Control.HasFocus(9602)</visible>
                <visible>![Window.IsVisible(MyPVRChannels.xml) | Window.IsVisible(MyPVRGuide.xml) | Window.IsVisible(MyPVRRecordings.xml) | Window.IsVisible(MyPVRTimers.xml) | Window.IsVisible(MyPVRSearch.xml)]</visible>
                <control type="group">
                    <visible>Control.HasFocus(50) | Control.HasFocus(501) | [[Control.IsVisible(50) | Control.IsVisible(501)] + Control.HasFocus(300)]</visible>
                    <include>View_Library_Poster</include>
                </control>
                <control type="group">
                    <visible>Control.IsVisible(500)</visible>
                    <include condition="Window.IsVisible(MyVideoNav.xml) | Window.IsVisible(MyMusicNav.xml) | Window.IsVisible(MyPrograms.xml)">View_Library_Info</include>
                </control>
            </control>
            <control type="group">
                <include>View_Group</include>
                <include condition="!Window.IsVisible(MyPVRChannels.xml)]">Animation_Right</include>
                <include>Defs_InfoDialog_Visible</include>
                <visible>!Control.HasFocus(9602)</visible>
                <control type="group">
                    <include condition="![Window.IsVisible(MyPVRChannels.xml) | Window.IsVisible(MyPVRRecordings.xml) | Window.IsVisible(MyPVRTimers.xml) | Window.IsVisible(MyPVRSearch.xml)]">View_List</include>
                    <include condition="![Window.IsVisible(MyPVRChannels.xml) | Window.IsVisible(MyPVRRecordings.xml) | Window.IsVisible(MyPVRTimers.xml) | Window.IsVisible(MyPVRSearch.xml)]">View_Posters</include>
                    <include condition="[Window.IsVisible(MyPVRChannels.xml) | Window.IsVisible(MyPVRRecordings.xml) | Window.IsVisible(MyPVRTimers.xml) | Window.IsVisible(MyPVRSearch.xml)]">View_List_PVR</include>
                </control>
            </control>
            <control type="group">
                <include>View_Group</include>
                <include>Defs_InfoDialog_Visible</include>
                <include>Animation_FadeIn</include>
                <include>Animation_FadeOut</include>
                <include content="Object_Scrollbar_Vert">
                    <param name="visible" value="Control.IsVisible(50) | Control.IsVisible(51) | Control.IsVisible(52) | Control.IsVisible(53) | Control.IsVisible(54) | Control.IsVisible(500) | Control.IsVisible(501) | Control.IsVisible(502)" />
                </include>
                <include content="Object_Scrollbar_Horz">
                    <param name="visible" value="Control.IsVisible(55) | Control.IsVisible(56) | Control.IsVisible(57) | Control.IsVisible(58) | Control.IsVisible(59)" />
                </include>
                <control type="scrollbar" id="8060">
                    <onback>50</onback>
                    <right>0</right>
                    <width>8</width>
                    <top>-60</top>
                    <bottom>0</bottom>
                    <visible>Window.IsVisible(MyPVRGuide.xml) + Skin.HasSetting(MouseMode)</visible>
                    <showonepage>false</showonepage>
                    <orientation>vertical</orientation>
                    <onright>50</onright>
                    <onleft>50</onleft>
                    <texturesliderbackground colordiffuse="main_fg_12" border="4">common/white.png</texturesliderbackground>
                    <texturesliderbar colordiffuse="main_fg_30" border="4">scrollbar/scrollv.png</texturesliderbar>
                    <texturesliderbarfocus colordiffuse="$VAR[ColorHighlight]" border="4">scrollbar/scrollv.png</texturesliderbarfocus>
                    <animation effect="fade" start="100" end="33" time="400" condition="!Control.HasFocus(8060) + !Container.Scrolling">Conditional</animation>
                    <include>Animation_FadeIn</include>
                    <include>Animation_FadeOut</include>
                </control>
            </control>

        </control>
    </include>

    <include name="View_Library_Info">
        <control type="group">
            <left>view_pad</left>
            <top>view_pad</top>
            <height>poster_height</height>
            <width>800</width>
            <control type="group">
                <height>450</height>
                <control type="group">
                    <width>800</width>
                    <control type="group">
                        <left>-10</left>
                        <right>-10</right>
                        <bottom>-10</bottom>
                        <top>-10</top>
                        <include>Defs_PosterBack</include>
                        <control type="image">
                            <bordersize>10</bordersize>
                            <aspectratio aligny="center" scalediffuse="false">scale</aspectratio>
                            <texture background="true" diffuse="diffuse/mediainfo.png">$VAR[Image_Fanart]</texture>
                        </control>
                        <control type="image">
                            <bottom>40</bottom>
                            <left>125</left>
                            <right>125</right>
                            <height>150</height>
                            <aspectratio aligny="bottom">keep</aspectratio>
                            <texture background="true">$VAR[Image_ClearLogo]</texture>
                            <visible>!Skin.HasSetting(DisableFakeLandscapeArt)</visible>
                            <visible>String.IsEmpty(ListItem.Art(landscape)) + String.IsEmpty(ListItem.Art(tvshow.landscape)) + String.IsEmpty(ListItem.Art(season.landscape))</visible>
                            <visible>Container.Content(movies) | Container.Content(sets) | Container.Content(tvshows) | Container.Content(seasons)</visible>
                        </control>
                        <include content="Defs_PictureBack">
                            <param name="diffuse" value="diffuse/mediainfo.png" />
                            <param name="showtext" value="false" />
                            <param name="colordiffuse" value="ffffffff" />
                        </include>
                    </control>
                    <control type="image">
                        <texture colordiffuse="PixelLines" border="20">common/outline.png</texture>
                    </control>
                </control>
            </control>
            <control type="group">
                <top>490</top>
                <include content="Object_Info">
                    <param name="id" value="500" />
                    <param name="width" value="1654" />
                    <param name="discart" value="true" />
                    <param name="hdsd_flag" value="true" />
                    <param name="plot_height" value="130" />
                    <param name="imdbvotes" value="false" />
                    <param name="top250" value="false" />
                </include>
            </control>
        </control>
    </include>

    <include name="View_Library_Poster">
        <control type="group">
            <include>View_Library_Poster_Square</include>
            <include>View_Library_Poster_Big</include>
        </control>
    </include>

    <include name="View_Library_Poster_Square">
        <control type="group">
            <left>view_pad</left>
            <right>view_pad</right>
            <top>view_pad</top>
            <visible>[[Container.Content(musicvideos) | Container.Content(images) | Container.Content(artists) | Container.Content(albums) | Container.Content(addons) | Container.Content(songs) | [Container.Content(files) + [Window.IsVisible(MyMusicNav.xml) | Window.IsVisible(MyPics.xml)]]] + !Window.IsVisible(MyPlaylist.xml)] | [Window.IsVisible(MyPlaylist.xml) + String.IsEqual(ListItem.DBType,song)]</visible>
            <control type="group">
                <width>poster_width</width>
                <height>poster_height</height>
                <control type="group">
                    <control type="group">
                        <height>poster_width</height>
                        <include content="Defs_PosterBack">
                            <param name="pad" value="-10" />
                        </include>
                        <include content="Object_BigPoster">
                            <param name="discart" value="false" />
                            <param name="width" value="poster_width" />
                            <param name="height" value="poster_width" />
                            <param name="aspect" value="scale" />
                        </include>
                        <include content="Defs_PictureBack">
                            <param name="diffuse" value="diffuse/mediainfo.png" />
                            <param name="showtext" value="false" />
                            <param name="colordiffuse" value="ffffffff" />
                            <param name="pad" value="-10" />
                        </include>
                        <control type="image">
                            <texture colordiffuse="PixelLines" border="20">common/outline.png</texture>
                        </control>
                    </control>
                    <control type="group">
                        <top>620</top>
                        <control type="grouplist">
                            <top>20</top>
                            <left>0</left>
                            <right>0</right>
                            <align>top</align>
                            <usecontrolcoords>true</usecontrolcoords>
                            <orientation>vertical</orientation>
                            <control type="label">
                                <aligny>top</aligny>
                                <align>center</align>
                                <height>50</height>
                                <font>font_title</font>
                                <textcolor>main_fg_100</textcolor>
                                <label>$VAR[Label_MainTitle]</label>
                            </control>
                            <control type="label">
                                <label>$VAR[Label_SubTitle]</label>
                                <height>40</height>
                                <aligny>top</aligny>
                                <align>center</align>
                                <textcolor>$VAR[ColorHighlight]</textcolor>
                                <font>font_small</font>
                            </control>
                            <control type="textbox">
                                <top>20</top>
                                <label>$INFO[ListItem.AddonSummary]</label>
                                <height>80</height>
                                <aligny>center</aligny>
                                <align>center</align>
                                <textcolor>main_fg_70</textcolor>
                                <font>font_small</font>
                                <visible>[[!Window.IsVisible(MyMusicNav.xml) + !Window.IsVisible(MyPlaylist.xml)] | Window.IsVisible(DialogAddonInfo.xml)] + !String.IsEmpty(ListItem.AddonSummary)</visible>
                            </control>
                            <control type="group">
                                <left>-15</left>
                                <right>-15</right>
                                <top>-15</top>
                                <include content="Object_StarRating_Music">
                                    <param name="align" value="center" />
                                    <param name="visible" value="[Window.IsVisible(DialogMusicInfo.xml) | Window.IsVisible(MyMusicNav.xml) | Window.IsVisible(MyPlaylist.xml) | Container.Content(musicvideos)] + String.IsEmpty(ListItem.UserRating)" />
                                </include>
                                <include content="Object_StarRating">
                                    <param name="align" value="center" />
                                    <param name="visible" value="[Window.IsVisible(DialogMusicInfo.xml) | Window.IsVisible(MyMusicNav.xml) | Window.IsVisible(MyPlaylist.xml) | Container.Content(musicvideos)] + !String.IsEmpty(ListItem.UserRating)" />
                                    <param name="rating_prop" value="ListItem.UserRating" />
                                </include>
                            </control>
                        </control>
                    </control>
                </control>
            </control>
        </control>
    </include>

    <include name="View_Library_Poster_Big">
        <control type="group">
            <left>view_pad</left>
            <bottom>view_pad</bottom>
            <top>view_pad</top>
            <visible>![[[Container.Content(musicvideos) | Container.Content(images) | Container.Content(artists) | Container.Content(albums) | Container.Content(addons) | Container.Content(songs) | [Container.Content(files) + [Window.IsVisible(MyMusicNav.xml) | Window.IsVisible(MyPics.xml)]]] + !Window.IsVisible(MyPlaylist.xml)] | [Window.IsVisible(MyPlaylist.xml) + String.IsEqual(ListItem.DBType,song)]]</visible>
            <control type="group">
                <width>poster_width</width>
                <height>900</height>
                <control type="image">
                    <texture colordiffuse="Background" border="20">common/box.png</texture>
                    <visible>Control.IsVisible(58)</visible>
                </control>
                <include content="Defs_PosterBack">
                    <param name="pad" value="-10" />
                </include>
                <include content="Object_BigPoster">
                    <param name="discart" value="false" />
                </include>
                <control type="group">
                    <top>-10</top>
                    <right>-10</right>
                    <visible>Control.IsVisible(58)</visible>
                    <include>View_WatchedOverlay</include>
                </control>
                <control type="image">
                    <texture colordiffuse="PixelLines" border="20">common/outline.png</texture>
                </control>
                <control type="group">
                    <left>-10</left>
                    <right>-10</right>
                    <bottom>-10</bottom>
                    <top>-10</top>
                    <visible>Control.HasFocus(58)</visible>
                    <include>View_Selectbox</include>
                </control>
            </control>
        </control>
    </include>

    <include name="View_WatchedOverlay">
        <include condition="Skin.HasSetting(LightWatchedOverlay)">View_WatchedOverlay_White</include>
        <include condition="!Skin.HasSetting(LightWatchedOverlay)">View_WatchedOverlay_Black</include>
    </include>

    <include name="View_WatchedOverlay_White">
        <control type="group">
            <visible>!Skin.HasSetting(DisableWatchedOverlay)</visible>
<!--	    <visible>!Control.IsVisible(504) + !Control.IsVisible(5022)</visible> -->
            <control type="image">
                <top>10</top>
                <right>10</right>
                <width>48</width>
                <height>48</height>
                <texture colordiffuse="red" border="10">$VAR[Image_Overlay_Corner]</texture>
            </control>
            <control type="image">
                <top>11</top>
                <right>11</right>
                <width>24</width>
                <height>24</height>
                <texture colordiffuse="ff181818">$VAR[Image_Overlay_Focus]</texture>
                <visible>Integer.IsGreater(ListItem.PlayCount,0) | !Integer.IsGreater(ListItem.Property(UnWatchedEpisodes),0) | ![Container.Content(tvshows) | Container.Content(seasons) | Window.IsVisible(Home)]</visible>
            </control>
            <control type="label">
                <top>10</top>
                <right>10</right>
                <width>28</width>
                <height>28</height>
                <font>font_unwatched</font>
                <align>center</align>
                <textcolor>white</textcolor>
                <label>$INFO[ListItem.Property(UnWatchedEpisodes)]</label>
                <include>View_UnwatchedEpisodes_Visible</include>
            </control>
        </control>
    </include>

    <include name="View_WatchedOverlay_Black">
        <control type="group">
            <visible>!Skin.HasSetting(DisableWatchedOverlay)</visible>
	    <visible>!Control.IsVisible(504) + !Control.IsVisible(5022)</visible>
            <control type="image">
                <top>10</top>
                <right>10</right>
                <width>48</width>
                <height>48</height>
                <texture colordiffuse="ff000000" border="10">$VAR[Image_Overlay_Corner]</texture>
            </control>
            <control type="image">
                <top>11</top>
                <right>11</right>
                <width>24</width>
                <height>24</height>
                <texture colordiffuse="ffffffff">$VAR[Image_Overlay_Focus]</texture>
                <visible>Integer.IsGreater(ListItem.PlayCount,0) | !Integer.IsGreater(ListItem.Property(UnWatchedEpisodes),0) | ![Container.Content(tvshows) | Container.Content(seasons) | Window.IsVisible(Home)]</visible>
            </control>
            <control type="label">
                <top>10</top>
                <right>10</right>
                <width>28</width>
                <height>28</height>
                <font>font_unwatched</font>
                <align>center</align>
                <textcolor>ffededed</textcolor>
                <label>$INFO[ListItem.Property(UnWatchedEpisodes)]</label>
                <include>View_UnwatchedEpisodes_Visible</include>
            </control>
        </control>
    </include>

    <include name="View_WatchedOverlay_Focus">
        <control type="group">
            <visible>!Skin.HasSetting(DisableWatchedOverlay)</visible>
<!--	    <visible>!Control.IsVisible(504) + !Control.IsVisible(5022)</visible> -->
            <control type="image">
                <top>10</top>
                <right>10</right>
                <width>48</width>
                <height>48</height>
                <texture colordiffuse="$VAR[ColorHighlight]" border="10">$VAR[Image_Overlay_Corner]</texture>
            </control>
            <control type="image">
                <top>11</top>
                <right>11</right>
                <width>24</width>
                <height>24</height>
                <texture colordiffuse="ffffffff">$VAR[Image_Overlay_Focus]</texture>
                <visible>!Integer.IsGreater(ListItem.Property(UnWatchedEpisodes),0) | ![Container.Content(tvshows) | Container.Content(seasons) | Window.IsVisible(Home)]</visible>
            </control>
            <control type="label">
                <top>10</top>
                <right>10</right>
                <width>28</width>
                <height>28</height>
                <font>font_unwatched</font>
                <align>center</align>
                <textcolor>Selected</textcolor>
                <label>$INFO[ListItem.Property(UnWatchedEpisodes)]</label>
                <include>View_UnwatchedEpisodes_Visible</include>
            </control>
        </control>
    </include>

    <include name="View_UnwatchedEpisodes_Visible">
        <visible>Integer.IsGreater(ListItem.Property(UnWatchedEpisodes),0) + [Container.Content(tvshows) | Container.Content(seasons) | Window.IsVisible(Home)]</visible>
        <!-- <visible>![[[Container.Content(movies) + [String.IsEqual(Window(Home).Property(LatestMovie.1.Title),ListItem.Label) | String.IsEqual(Window(Home).Property(LatestMovie.2.Title),ListItem.Label) | String.IsEqual(Window(Home).Property(LatestMovie.3.Title),ListItem.Label) | String.IsEqual(Window(Home).Property(LatestMovie.4.Title),ListItem.Label) | String.IsEqual(Window(Home).Property(LatestMovie.5.Title),ListItem.Label) | String.IsEqual(Window(Home).Property(LatestMovie.6.Title),ListItem.Label) | String.IsEqual(Window(Home).Property(LatestMovie.7.Title),ListItem.Label) | String.IsEqual(Window(Home).Property(LatestMovie.8.Title),ListItem.Label) | String.IsEqual(Window(Home).Property(LatestMovie.9.Title),ListItem.Label) | String.IsEqual(Window(Home).Property(LatestMovie.10.Title),ListItem.Label)]] | [[Container.Content(tvshows)] + [String.IsEqual(Window(Home).Property(LatestEpisode.1.ShowTitle),ListItem.TvShowTitle) | String.IsEqual(Window(Home).Property(LatestEpisode.2.ShowTitle),ListItem.TvShowTitle) | String.IsEqual(Window(Home).Property(LatestEpisode.3.ShowTitle),ListItem.TvShowTitle) | String.IsEqual(Window(Home).Property(LatestEpisode.4.ShowTitle),ListItem.TvShowTitle) | String.IsEqual(Window(Home).Property(LatestEpisode.5.ShowTitle),ListItem.TvShowTitle) | String.IsEqual(Window(Home).Property(LatestEpisode.6.ShowTitle),ListItem.TvShowTitle) | String.IsEqual(Window(Home).Property(LatestEpisode.7.ShowTitle),ListItem.TvShowTitle) | String.IsEqual(Window(Home).Property(LatestEpisode.8.ShowTitle),ListItem.TvShowTitle) | String.IsEqual(Window(Home).Property(LatestEpisode.9.ShowTitle),ListItem.TvShowTitle) | String.IsEqual(Window(Home).Property(LatestEpisode.10.ShowTitle),ListItem.TvShowTitle)]] | [Container.Content(episodes) + [String.IsEqual(Window(Home).Property(LatestEpisode.1.EpisodeTitle),ListItem.Title) | String.IsEqual(Window(Home).Property(LatestEpisode.2.EpisodeTitle),ListItem.Title) | String.IsEqual(Window(Home).Property(LatestEpisode.3.EpisodeTitle),ListItem.Title) | String.IsEqual(Window(Home).Property(LatestEpisode.4.EpisodeTitle),ListItem.Title) | String.IsEqual(Window(Home).Property(LatestEpisode.5.EpisodeTitle),ListItem.Title) | String.IsEqual(Window(Home).Property(LatestEpisode.6.EpisodeTitle),ListItem.Title) | String.IsEqual(Window(Home).Property(LatestEpisode.7.EpisodeTitle),ListItem.Title) | String.IsEqual(Window(Home).Property(LatestEpisode.8.EpisodeTitle),ListItem.Title) | String.IsEqual(Window(Home).Property(LatestEpisode.9.EpisodeTitle),ListItem.Title) | String.IsEqual(Window(Home).Property(LatestEpisode.10.EpisodeTitle),ListItem.Title)]]]]</visible> -->
        <visible>!ListItem.IsCollection</visible>
    </include>

    <include name="View_Selectbox">
        <param name="overlay" default="true" />
        <definition>
             <control type="group">
                <left>3</left>
                <top>3</top>
                <right>3</right>
                <bottom>3</bottom>
                <control type="image">
                    <texture colordiffuse="$VAR[ColorHighlight]" border="20">common/selectbox.png</texture>
                </control>
                <control type="image">
                    <texture colordiffuse="$VAR[ColorHighlight2]" border="20">common/gradient-diffuse-selectbox.png</texture>
                </control>
            </control>
            <include condition="$PARAM[overlay]">View_WatchedOverlay_Focus</include>
        </definition>
    </include>

    <include name="View_Actor_Layout">
        <param name="id" default="9501" />
        <param name="label2" default="$INFO[ListItem.Label2]"/>
        <param name="infolabel" default="true" />
        <param name="itemwidth" default="widget_poster_width" />
        <param name="itemheight" default="widget_poster_height" />
        <param name="episodelayout" default="false" />
        <param name="textonly" default="false" />
        <param name="fallbackimage" default="DefaultAddonImages.png" />
        <param name="aspect" default="scale" />
        <param name="altfocus" default="false" />
        <definition>
            <left>-10</left>
            <right>-10</right>
            <top>30</top>
            <focusposition>0</focusposition>
            <movement>6</movement>
            <description>Plugin Content Widget</description>
            <height>$PARAM[itemheight]</height>
            <orientation>vertical</orientation>            
            <include condition="!Window.IsVisible(DialogVideoInfo.xml)">View_Movement_Horizontal</include>
            <preloaditems>2</preloaditems>
            <scrolltime tween="quadratic">400</scrolltime>
            <itemlayout width="$PARAM[itemwidth]" height="$PARAM[itemheight]">
                <control type="group">
                    
                    <include>Defs_PosterBack</include>

                    <!-- Poster -->
                    <control type="image">
                        <left>10</left>
                        <right>10</right>
                        <top>10</top>
                        <bottom>10</bottom>
                        <aspectratio scalediffuse="false">$PARAM[aspect]</aspectratio>
                        <texture fallback="$PARAM[fallbackimage]" background="true" diffuse="diffuse/widgetposter.png">$VAR[Image_Poster]</texture>
                        <visible>!$PARAM[episodelayout]</visible>
                        <visible>!$PARAM[textonly]</visible>
                    </control>
                    <control type="image">
                        <left>10</left>
                        <right>10</right>
                        <top>10</top>
                        <bottom>10</bottom>
                        <aspectratio scalediffuse="false">$PARAM[aspect]</aspectratio>
                        <texture fallback="$PARAM[fallbackimage]" background="true" diffuse="diffuse/widgetposter.png">$INFO[ListItem.Art(thumb)]</texture>
                        <visible>$PARAM[episodelayout]</visible>
                        <visible>!$PARAM[textonly]</visible>
                    </control>
                    <control type="image">
                        <left>10</left>
                        <right>10</right>
                        <height>100</height>
                        <bottom>10</bottom>
                        <texture colordiffuse="bf000000" diffuse="diffuse/widgetposter.png">common/gradient-actor.png</texture>
                        <visible>$PARAM[infolabel]</visible>
                        <visible>!$PARAM[textonly]</visible>
                    </control>
                    <control type="label">
                        <left>20</left>
                        <right>20</right>
                        <height>30</height>
                        <bottom>42</bottom>
                        <align>left</align>
                        <aligny>center</aligny>
                        <font>font_statusbar</font>
                        <textcolor>main_fg_100</textcolor>
                        <label>$INFO[ListItem.Label]</label>
                        <visible>$PARAM[infolabel]</visible>
                        <visible>!$PARAM[textonly]</visible>
                    </control>
                    <control type="label">
                        <left>20</left>
                        <right>20</right>
                        <height>30</height>
                        <bottom>18</bottom>
                        <align>left</align>
                        <aligny>center</aligny>
                        <font>font_statusbar</font>
                        <textcolor>main_fg_70</textcolor>
                        <label>$PARAM[label2]</label>
                        <visible>$PARAM[infolabel]</visible>
                        <visible>!$PARAM[textonly]</visible>
                    </control>
                    <control type="textbox">
                        <left>20</left>
                        <right>20</right>
                        <top>20</top>
                        <bottom>20</bottom>
                        <align>center</align>
                        <aligny>center</aligny>
                        <font>font_tiny</font>
                        <textcolor>main_fg_70</textcolor>
                        <label>$INFO[ListItem.Label]</label>
                        <visible>$PARAM[textonly]</visible>
                    </control>
                    <include>View_WatchedOverlay</include>
                    <control type="image">
                        <bordersize>10</bordersize>
                        <texture colordiffuse="PixelLines" border="20">common/outline.png</texture>
                    </control>
                    
                </control>
            </itemlayout>
            <focusedlayout width="$PARAM[itemwidth]" height="$PARAM[itemheight]">
                <control type="group">
                    <animation type="Conditional" condition="!Skin.HasSetting(BounceAnimations) + !Container($PARAM[id]).OnNext + !Container($PARAM[id]).OnPrevious + $PARAM[altfocus]" reversible="false">
                        <effect type="zoom" end="110" time="75" tween="sine" easing="out" center="auto" />
                        <effect type="zoom" end="90.9090909" time="225" tween="sine" delay="100" easing="out" center="auto" />
                    </animation>
                    <include>Animation_FocusBounce</include>
                    <include>Defs_PosterBack</include>

                    <!-- Poster -->
                    <control type="image">
                        <left>10</left>
                        <right>10</right>
                        <top>10</top>
                        <bottom>10</bottom>
                        <aspectratio scalediffuse="false">$PARAM[aspect]</aspectratio>
                        <texture fallback="$PARAM[fallbackimage]" background="true" diffuse="diffuse/widgetposter.png">$VAR[Image_Poster]</texture>
                        <visible>!$PARAM[episodelayout]</visible>
                        <visible>!$PARAM[textonly]</visible>
                    </control>
                    <control type="image">
                        <left>10</left>
                        <right>10</right>
                        <top>10</top>
                        <bottom>10</bottom>
                        <aspectratio scalediffuse="false">$PARAM[aspect]</aspectratio>
                        <texture fallback="$PARAM[fallbackimage]" background="true" diffuse="diffuse/widgetposter.png">$INFO[ListItem.Art(thumb)]</texture>
                        <visible>!$PARAM[textonly]</visible>
                        <visible>$PARAM[episodelayout]</visible>
                    </control>
                    <control type="image">
                        <left>10</left>
                        <right>10</right>
                        <height>100</height>
                        <bottom>10</bottom>
                        <visible>$PARAM[infolabel]</visible>
                        <texture colordiffuse="bf000000">common/gradient-actor.png</texture>
                        <visible>!$PARAM[textonly]</visible>
                    </control>
                    <control type="label">
                        <left>20</left>
                        <right>20</right>
                        <height>30</height>
                        <bottom>42</bottom>
                        <align>left</align>
                        <aligny>center</aligny>
                        <font>font_statusbar</font>
                        <textcolor>main_fg_100</textcolor>
                        <label>$INFO[ListItem.Label]</label>
                        <visible>$PARAM[infolabel]</visible>
                        <visible>!$PARAM[textonly]</visible>
                    </control>
                    <control type="label">
                        <left>20</left>
                        <right>20</right>
                        <height>30</height>
                        <bottom>18</bottom>
                        <align>left</align>
                        <aligny>center</aligny>
                        <font>font_statusbar</font>
                        <textcolor>main_fg_70</textcolor>
                        <label>$PARAM[label2]</label>
                        <visible>$PARAM[infolabel]</visible>
                        <visible>!$PARAM[textonly]</visible>
                    </control>
                    <control type="textbox">
                        <left>20</left>
                        <right>20</right>
                        <top>20</top>
                        <bottom>20</bottom>
                        <align>center</align>
                        <aligny>center</aligny>
                        <font>font_tiny</font>
                        <textcolor>Selected</textcolor>
                        <label>$INFO[ListItem.Label]</label>
                        <visible>$PARAM[textonly]</visible>
                    </control>
                    <include>View_WatchedOverlay</include>
                    <control type="image">
                        <bordersize>10</bordersize>
                        <texture colordiffuse="PixelLines" border="20">common/outline.png</texture>
                    </control>
                    <!-- Highlight -->
                    <control type="group">
                        <visible>Control.HasFocus($PARAM[id]) | $PARAM[altfocus]</visible>
                        <include>View_Selectbox</include>
                    </control>
                    
                </control>
            </focusedlayout>
        </definition>
    </include>

    <include name="View_Movement_Horizontal">
        <onright condition="Control.IsVisible(60)">60</onright>
        <onright condition="!Control.IsVisible(60)">300</onright>
        <onleft>300</onleft>

    </include>

    <include name="View_Movement_Vertical">
        <ondown condition="Control.IsVisible(60)">60</ondown>
        <onup condition="!Player.HasVideo">300</onup>
    </include>

    <include name="View_Forced">
        <visible>[Container.Content(movies) + [String.IsEqual(Skin.String(Skin.ForcedView.movies),$PARAM[string]) | String.IsEmpty(Skin.String(Skin.ForcedView.movies))]] | [Container.Content(sets) + [String.IsEqual(Skin.String(Skin.ForcedView.sets),$PARAM[string]) | String.IsEmpty(Skin.String(Skin.ForcedView.sets))]] | [Container.Content(tvshows) + [String.IsEqual(Skin.String(Skin.ForcedView.tvshows),$PARAM[string]) | String.IsEmpty(Skin.String(Skin.ForcedView.tvshows))]] | [Container.Content(seasons) + [String.IsEqual(Skin.String(Skin.ForcedView.seasons),$PARAM[string]) | String.IsEmpty(Skin.String(Skin.ForcedView.seasons))]] | [Container.Content(episodes) + [String.IsEqual(Skin.String(Skin.ForcedView.episodes),$PARAM[string]) | String.IsEmpty(Skin.String(Skin.ForcedView.episodes))]] | [Container.Content(actors) + [String.IsEqual(Skin.String(Skin.ForcedView.actors),$PARAM[string]) | String.IsEmpty(Skin.String(Skin.ForcedView.actors))]] | [Container.Content(artists) + [String.IsEqual(Skin.String(Skin.ForcedView.artists),$PARAM[string]) | String.IsEmpty(Skin.String(Skin.ForcedView.artists))]] | [Container.Content(albums) + [String.IsEqual(Skin.String(Skin.ForcedView.albums),$PARAM[string]) | String.IsEmpty(Skin.String(Skin.ForcedView.albums))]] | [Container.Content(songs) + [String.IsEqual(Skin.String(Skin.ForcedView.songs),$PARAM[string]) | String.IsEmpty(Skin.String(Skin.ForcedView.songs))]] | [Container.Content(addons) + [String.IsEqual(Skin.String(Skin.ForcedView.addons),$PARAM[string]) | String.IsEmpty(Skin.String(Skin.ForcedView.addons))]] | [Container.Content(genres) + [String.IsEqual(Skin.String(Skin.ForcedView.genres),$PARAM[string]) | String.IsEmpty(Skin.String(Skin.ForcedView.genres))]] | [Container.Content(images) + [String.IsEqual(Skin.String(Skin.ForcedView.images),$PARAM[string]) | String.IsEmpty(Skin.String(Skin.ForcedView.images))]] | [Container.Content(videos) + [String.IsEqual(Skin.String(Skin.ForcedView.videos),$PARAM[string]) | String.IsEmpty(Skin.String(Skin.ForcedView.videos))]] | [Container.Content() + [String.IsEqual(Skin.String(Skin.ForcedView.),$PARAM[string]) | String.IsEmpty(Skin.String(Skin.ForcedView.))]] | [Container.Content(tags) + [String.IsEqual(Skin.String(Skin.ForcedView.tags),$PARAM[string]) | String.IsEmpty(Skin.String(Skin.ForcedView.tags))]] | [Container.Content(years) + [String.IsEqual(Skin.String(Skin.ForcedView.years),$PARAM[string]) | String.IsEmpty(Skin.String(Skin.ForcedView.years))]] | [Container.Content(countries) + [String.IsEqual(Skin.String(Skin.ForcedView.countries),$PARAM[string]) | String.IsEmpty(Skin.String(Skin.ForcedView.countries))]] | [Container.Content(studios) + [String.IsEqual(Skin.String(Skin.ForcedView.studios),$PARAM[string]) | String.IsEmpty(Skin.String(Skin.ForcedView.studios))]] | [Container.Content(playlists) + [String.IsEqual(Skin.String(Skin.ForcedView.playlists),$PARAM[string]) | String.IsEmpty(Skin.String(Skin.ForcedView.playlists))]] | [Container.Content(musicvideos) + [String.IsEqual(Skin.String(Skin.ForcedView.musicvideos),$PARAM[string]) | String.IsEmpty(Skin.String(Skin.ForcedView.musicvideos))]] | [Container.Content(directors) + [String.IsEqual(Skin.String(Skin.ForcedView.directors),$PARAM[string]) | String.IsEmpty(Skin.String(Skin.ForcedView.directors))]] | [Container.Content(files) + [String.IsEqual(Skin.String(Skin.ForcedView.files),$PARAM[string]) | String.IsEmpty(Skin.String(Skin.ForcedView.files))]] | [Container.Content(mixed) + [String.IsEqual(Skin.String(Skin.ForcedView.mixed),$PARAM[string]) | String.IsEmpty(Skin.String(Skin.ForcedView.mixed))]] | [Container.Content(unknown) + [String.IsEqual(Skin.String(Skin.ForcedView.unknown),$PARAM[string]) | String.IsEmpty(Skin.String(Skin.ForcedView.unknown))]] | [!Container.Content(movies) + !Container.Content(sets) + !Container.Content(tvshows) + !Container.Content(seasons) + !Container.Content(episodes) + !Container.Content(actors) + !Container.Content(artists) + !Container.Content(albums) + !Container.Content(songs) + !Container.Content(addons) + !Container.Content(genres) + !Container.Content(images) + !Container.Content(videos) + !Container.Content() + !Container.Content(tags) + !Container.Content(years) + !Container.Content(countries) + !Container.Content(studios) + !Container.Content(playlists) + !Container.Content(musicvideos) + !Container.Content(directors) + !Container.Content(files) + !Container.Content(mixed) + !Container.Content(unknown)] | Window.IsVisible(MyPlaylist.xml)</visible>
    </include>

    <include name="View_PVRGuide">
        <control type="group" id="50">
            <control type="group">
                <visible>Control.IsVisible(10)</visible>
                <include>Animation_Right</include>
                <control type="group">
                    <height>814</height>
                    <right>view_pad</right>
                    <left>view_pad</left>
                    <bottom>view_pad</bottom>
                    <include content="Defs_PosterBack">
                        <param name="pad" value="-10" />
                    </include>
                </control>
                <control type="epggrid" id="10" description="EPG">
                    <left>view_pad</left>
                    <bottom>view_pad</bottom>
                    <width>1796</width>
                    <height>888</height>
                    <onleft>28</onleft>
                    <viewtype label="19069">list</viewtype>
                    <onleft>9400</onleft>
                    <progresstexture border="5" colordiffuse="bf777777">pvr/progressline-full.png</progresstexture>
                    <scrolltime tween="quadratic">300</scrolltime>
                    <timeblocks>24</timeblocks>
                    <rulerunit>6</rulerunit>
                    <pagecontrol>8060</pagecontrol>
                    <rulerlayout height="74" width="262">
                        <control type="label" id="2">
                            <posx>0</posx>
                            <posy>36</posy>
                            <width>262</width>
                            <align>left</align>
                            <aligny>top</aligny>
                            <font>font_epg_timeline</font>
                            <label>$INFO[ListItem.Label]</label>
                            <textcolor>main_fg_30</textcolor>
                        </control>
                    </rulerlayout>
                    <channellayout height="listitem_height" width="444">
                        <control type="image">
                            <left>0</left>
                            <right>1</right>
                            <top>1</top>
                            <texture>common/selected.png</texture>
                            <aspectratio aligny="top">center</aspectratio>
                            <animation effect="fade" start="100" end="10" condition="true">Conditional</animation>
                            <visible>ListItem.IsPlaying</visible>
                        </control>
                        <control type="label">
                            <left>90</left>
                            <right>120</right>
                            <aligny>center</aligny>
                            <height>listitem_height</height>
                            <font>font_tiny_bold</font>
                            <textcolor>PosterFront_70</textcolor>
                            <label>$INFO[ListItem.ChannelName]</label>
                        </control>
                        <control type="label">
                            <centerleft>45</centerleft>
                            <width>90</width>
                            <align>center</align>
                            <aligny>center</aligny>
                            <height>listitem_height</height>
                            <textcolor>PosterFront_70</textcolor>
                            <font>font_tiny_bold</font>
                            <label>$INFO[ListItem.ChannelNumberLabel]</label>
                        </control>
                        <control type="image">
                            <top>10</top>
                            <right>10</right>
                            <width>100</width>
                            <height>70</height>
                            <texture>$INFO[ListItem.Icon]</texture>
                            <aspectratio aligny="center" align="right">keep</aspectratio>
                        </control>
                    </channellayout>
                    <focusedchannellayout height="listitem_height" width="444"> 
                        <control type="group">
                            <left>0</left>
                            <right>4</right>
                            <top>4</top>
                            <control type="image">
                                <texture colordiffuse="$VAR[ColorHighlight]">common/white.png</texture>
                            </control>
                            <control type="image">
                                <texture colordiffuse="$VAR[ColorHighlight2]">common/gradient-diffuse-horizontal.png</texture>
                            </control>
                            <control type="image">
                                <texture>common/selected.png</texture>
                                <aspectratio aligny="top">center</aspectratio>
                                <animation effect="fade" start="100" end="20" condition="true">Conditional</animation>
                                <visible>ListItem.IsPlaying</visible>
                            </control>
                        </control>
                        <control type="label">
                            <left>90</left>
                            <right>120</right>
                            <aligny>center</aligny>
                            <height>listitem_height</height>
                            <selectedcolor>Selected</selectedcolor>
                            <textcolor>Selected</textcolor>
                            <font>font_tiny_bold</font>
                            <label>$INFO[ListItem.ChannelName]</label>
                        </control>
                        <control type="label">
                            <centerleft>45</centerleft>
                            <width>90</width>
                            <align>center</align>
                            <aligny>center</aligny>
                            <selectedcolor>Selected</selectedcolor>
                            <height>listitem_height</height>
                            <textcolor>Selected</textcolor>
                            <font>font_tiny_bold</font>
                            <label>$INFO[ListItem.ChannelNumberLabel]</label>
                        </control>
                        <control type="image">
                            <top>10</top>
                            <right>10</right>
                            <width>100</width>
                            <height>70</height>
                            <texture>$INFO[ListItem.Icon]</texture>
                            <aspectratio aligny="center" align="right">keep</aspectratio>
                        </control>
                    </focusedchannellayout>
                    <itemlayout height="listitem_height" width="262">
                        <control type="image" id="2">
                            <left>0</left>
                            <width>258</width>
                            <top>4</top>
                            <texture colordiffuse="main_fg_12">common/white.png</texture>
                            <visible>Skin.HasSetting(PVRGuideGenreColors)</visible>
                        </control>
                        <control type="image" id="2">
                            <left>0</left>
                            <width>258</width>
                            <top>4</top>
                            <texture colordiffuse="BBffffff" fallback="pvrgenre/0.png">pvrgenre/$INFO[ListItem.Property(GenreType)].png</texture>
                            <visible>!Skin.HasSetting(PVRGuideGenreColors)</visible>
                        </control>
                        <control type="image">
                            <top>5</top>
                            <width>24</width>
                            <height>24</height>
                            <texture>indicator/timer.png</texture>
                            <visible>ListItem.HasTimer</visible>
                        </control>
                        <control type="image">
                            <top>5</top>
                            <width>24</width>
                            <height>24</height>
                            <texture>indicator/record.png</texture>
                            <visible>ListItem.IsRecording</visible>
                        </control>
                        <control type="label" id="1">
                            <left>20</left>
                            <width>218</width>
                            <centertop>33%</centertop>
                            <textcolor>main_fg_100</textcolor>
                            <textoffsetx>0</textoffsetx>
                            <font>font_tiny_bold</font>
                            <label>$INFO[ListItem.Label]</label>
                        </control>
                        <control type="label" id="1">
                            <left>20</left>
                            <width>218</width>
                            <centerbottom>33%</centerbottom>
                            <textcolor>main_fg_70</textcolor>
                            <textoffsetx>0</textoffsetx>
                            <font>font_statusbar</font>
                            <label>$INFO[ListItem.Genre]</label>
                            <visible>!Skin.HasSetting(PVRGuideGenreName)</visible>
                        </control>
                        <control type="label" id="1">
                            <left>20</left>
                            <width>218</width>
                            <centerbottom>33%</centerbottom>
                            <textcolor>main_fg_70</textcolor>
                            <textoffsetx>0</textoffsetx>
                            <font>font_statusbar</font>
                            <label>$INFO[ListItem.StartTime]$INFO[ListItem.EndTime, - ,]</label>
                            <visible>Skin.HasSetting(PVRGuideGenreName)</visible>
                        </control>
                    </itemlayout>
                    <focusedlayout height="listitem_height" width="262">
                        <control type="image" id="2">
                            <left>0</left>
                            <width>258</width>
                            <top>4</top>
                            <texture colordiffuse="main_fg_12">common/white.png</texture>
                            <visible>Skin.HasSetting(PVRGuideGenreColors)</visible>
                        </control>
                        <control type="image" id="2">
                            <left>0</left>
                            <width>258</width>
                            <top>4</top>
                            <texture colordiffuse="BBffffff" fallback="pvrgenre/0.png">pvrgenre/$INFO[ListItem.Property(GenreType)].png</texture>
                            <visible>!Skin.HasSetting(PVRGuideGenreColors)</visible>
                        </control>

                        <control type="image" id="2">
                            <left>0</left>
                            <width>258</width>
                            <top>4</top>
                            <texture colordiffuse="$VAR[ColorHighlight]">common/white.png</texture>
                        </control>
                        <control type="image" id="2">
                            <left>0</left>
                            <width>258</width>
                            <top>4</top>
                            <texture colordiffuse="$VAR[ColorHighlight2]">common/gradient-diffuse-horizontal.png</texture>
                        </control>
                        <control type="image">
                            <top>5</top>
                            <width>24</width>
                            <height>24</height>
                            <texture>indicator/time.png</texture>
                            <visible>ListItem.HasTimer</visible>
                        </control>
                        <control type="image">
                            <top>5</top>
                            <width>24</width>
                            <height>24</height>
                            <texture>indicator/record.png</texture>
                            <visible>ListItem.IsRecording</visible>
                        </control>
                        
                        <control type="label" id="1">
                            <left>20</left>
                            <width>218</width>
                            <centertop>33%</centertop>
                            <textcolor>Selected</textcolor>
                            <textoffsetx>0</textoffsetx>
                            <font>font_tiny_bold</font>
                            <label>$INFO[ListItem.Label]</label>
                        </control>
                        <control type="label" id="1">
                            <left>20</left>
                            <width>218</width>
                            <centerbottom>33%</centerbottom>
                            <textcolor>Selected</textcolor>
                            <textoffsetx>0</textoffsetx>
                            <font>font_statusbar</font>
                            <label>$INFO[ListItem.Genre]</label>
                            <visible>!Skin.HasSetting(PVRGuideGenreName)</visible>
                        </control>
                        <control type="label" id="1">
                            <left>20</left>
                            <width>218</width>
                            <centerbottom>33%</centerbottom>
                            <textcolor>Selected</textcolor>
                            <textoffsetx>0</textoffsetx>
                            <font>font_statusbar</font>
                            <label>$INFO[ListItem.StartTime]$INFO[ListItem.EndTime, - ,]</label>
                            <visible>Skin.HasSetting(PVRGuideGenreName)</visible>
                        </control>
                    </focusedlayout>
                </control>
                <control type="image">
                    <height>814</height>
                    <right>view_pad</right>
                    <left>view_pad</left>
                    <bottom>view_pad</bottom>
                    <texture colordiffuse="PixelLines" border="20">common/outline.png</texture>
                </control>
                
            </control>
        </control>
    </include>

</includes>

