<?xml version="1.0" encoding="UTF-8"?>
<includes>

    <!-- ==================== -->
    <!-- Notification Dialogs -->
    <!-- ==================== -->

   <include name="Dialog_Busy">
        <control type="group">
            <visible>!Skin.HasSetting(MinimalBusyLoader) | Window.IsVisible(Startup.xml) | Window.IsVisible(fullscreenvideo) | Window.IsVisible(visualisation)</visible>
            <visible>!Window.IsVisible(DialogConfirm.xml)</visible>
            <include>Animation_FadeIn</include>
            <include>Animation_FadeOut</include>
            <include>Global_Overlay</include>
            <include>Global_Overlay</include>
            <include>Defs_BusySpinner</include>
        </control>


        <control type="image">
            <include>Defs_ShadowBack_Fullscreen</include>
            <visible>Skin.HasSetting(MinimalBusyLoader)</visible>
        </control>
        <control type="group">
            <height>view_top</height>
            <control type="group">
                <visible>Skin.HasSetting(MinimalBusyLoader) + !Window.IsVisible(DialogNotification.xml) + [!Window.IsVisible(DialogVolumeBar.xml) | Player.Muted] + !Window.IsVisible(Startup.xml)</visible>
                <include>Dialog_Notification_Group</include>
                <control type="group">
                    <control type="group">
                        <include>Dialog_Notification_Icon</include>
                        <control type="image">
                            <description>Busy animation</description>
                            <centerleft>50%</centerleft>
                            <centertop>50%</centertop>
                            <width>100</width>
                            <height>100</height>
                            <texture>dialog/loading-back.png</texture>
                            <aspectratio>keep</aspectratio>
                        </control>
                        <control type="group">
                            <description>Busy animation</description>
                            <centerleft>50%</centerleft>
                            <centertop>50%</centertop>
                            <width>100</width>
                            <height>100</height>
                            <animation effect="rotate" condition="true" start="0" end="360" loop="true" time="1000" center="auto">Conditional</animation>
                            <control type="image">
                                <texture colordiffuse="$VAR[ColorHighlight]">dialog/loading-spinner.png</texture>
                                <aspectratio>keep</aspectratio>
                            </control>
                            <control type="image">
                                <texture colordiffuse="$VAR[ColorHighlight2]">dialog/loading-spinner.png</texture>
                                <aspectratio>keep</aspectratio>
                                <animation effect="fade" condition="true" start="0" end="75" pulse="true" time="1000">Conditional</animation>
                            </control>
                        </control>
                    </control>

                    <control type="label">
                        <label>$LOCALIZE[31292]</label>
                        <include>Dialog_Notification_SubLabel</include>
                    </control>
                    <control type="label">
                        <label>$LOCALIZE[20186]...</label>
                        <include>Dialog_Notification_MainLabel</include>
                    </control>
                </control>
            </control>
        </control>



<!--
        <control type="group">
            <visible>Skin.HasSetting(MinimalBusyLoader)</visible>
            <visible>!Window.IsVisible(DialogConfirm.xml)</visible>
            <visible>!Window.IsVisible(DialogNotification.xml)</visible>
            <visible>!Window.IsVisible(fullscreenvideo)</visible>
            <visible>!Window.IsVisible(visualisation)</visible>
            <visible>!Window.IsVisible(Startup.xml)</visible>
            <visible>!Window.IsVisible(Home.xml) | [Control.HasFocus(302) | Control.HasFocus(5610)]</visible>

            <control type="group">
                <description>Busy animation</description>
                <left>view_pad</left>
                <control type="image">
                    <animation effect="rotate" condition="true" start="0" end="360" loop="true" time="1000" center="auto">Conditional</animation>
                    <left>-96</left>
                    <centertop>50%</centertop>
                    <width>80</width>
                    <height>80</height>
                    <texture colordiffuse="$VAR[ColorHighlight]">dialog/loading-spinner.png</texture>
                    <aspectratio>keep</aspectratio>
                </control>
            </control>
            <include condition="![Window.IsVisible(SkinSettings.xml) | Window.IsVisible(SettingsCategory.xml) | Window.IsVisible(SettingsProfile.xml) | Window.IsVisible(SettingsSystemInfo.xml)]" content="Dialog_Notification_Group">
                <param name="label" value="$LOCALIZE[20186]..." />
            </include>
            <include content="Dialog_Notification_Group" condition="[Window.IsVisible(SkinSettings.xml) | Window.IsVisible(SettingsCategory.xml) | Window.IsVisible(SettingsProfile.xml) | Window.IsVisible(SettingsSystemInfo.xml)]">
                <param name="fgcolor" value="panel_fg" />
                <param name="label" value="$LOCALIZE[20186]..." />
            </include>
        </control>
-->

    </include>


    <include name="Dialog_Notification_Group">
        <right>view_pad</right>
        <centertop>50%</centertop>
        <height>80</height>
        <width>540</width>
        <include>Animation_FadeIn_Slide</include>
        <include>Animation_FadeOut</include>
    </include>

    <include name="Dialog_Notification_Icon">
        <right>0</right>
        <centertop>50%</centertop>
        <width>60</width>
        <height>60</height>
    </include>

    <include name="Dialog_Notification_MainLabel">
        <right>80</right>
        <left>0</left>
        <centertop>33%</centertop>
        <height>30</height>
        <aligny>center</aligny>
        <align>right</align>
        <font>font_notification</font>
        <textcolor>main_fg_100</textcolor>
    </include>


    <include name="Dialog_Notification_SubLabel">
        <right>80</right>
        <left>0</left>
        <centerbottom>33%</centerbottom>
        <height>30</height>
        <align>right</align>
        <textcolor>main_fg_70</textcolor>
        <font>font_statusbar</font>                
        <aligny>center</aligny>
    </include>

    <!-- ================ -->
    <!-- Standard Dialogs -->
    <!-- ================ -->

    <include name="Dialog_Standard_Group">
        <param name="width" default="1080" />
        <param name="height" default="900" />
        <param name="animation" default="true" />
        <definition>
            <centerleft>50%</centerleft>
            <centertop>50%</centertop>
            <width>$PARAM[width]</width>
            <height>$PARAM[height]</height>
            <include condition="$PARAM[animation]">Animation_FadeIn_Slide</include>
            <control type="image">
                <include condition="!Skin.HasSetting(DisableShadows)">Defs_Shadow_24</include>
                <texture border="16" colordiffuse="dialog_bg_100">common/rounded-dialog.png</texture>
            </control>
        </definition>
    </include>

    <include name="Dialog_Standard_List_Left">
        <left>0</left>
        <top>120</top>
        <width>700</width>
        <height>690</height>
    </include>

    <include name="Dialog_Standard_List_Left_Icon">
        <left>32</left>
        <top>12</top>
        <width>111</width>
        <height>111</height>
        <aspectratio scalediffuse="false">keep</aspectratio>
        <texture fallback="DefaultAddonNone.png" background="true">$INFO[Listitem.Icon]</texture>
    </include>

    <include name="Dialog_Standard_List_Left_Label">
        <centertop>35%</centertop>
        <left>170</left>
        <right>30</right>
        <height>30</height>
        <font>font_small_bold</font>
        <textcolor>dialog_fg_70</textcolor>
        <info>ListItem.Label</info>
    </include>

    <include name="Dialog_Standard_List_Left_Label2">
        <left>170</left>
        <centerbottom>35%</centerbottom>
        <width>496</width>
        <height>30</height>
        <font>font_tiny</font>
        <textcolor>dialog_fg_70</textcolor>
        <label>$INFO[ListItem.Label2]</label>
    </include>

    <include name="Dialog_Standard_Right_Buttons">
        <width>300</width>
        <height>70</height>
        <align>center</align>
        <font>font_button</font>
        <textcolor>dialog_fg_70</textcolor>
        <texturefocus colordiffuse="$VAR[ColorHighlight]" border="5">common/box.png</texturefocus>
        <alttexturefocus colordiffuse="$VAR[ColorHighlight]" border="5">common/box.png</alttexturefocus>
        <alttexturenofocus colordiffuse="dialog_fg_12" border="5">common/box.png</alttexturenofocus>
    </include>

    <include name="Dialog_Standard_Right_Grouplist">
        <top>120</top>
        <width>300</width>
        <itemgap>0</itemgap>
        <centerright>190</centerright>
        <orientation>vertical</orientation>
    </include>

    <include name="Dialog_Standard_Header">
        <left>20</left>
        <right>20</right>
        <top>15</top>
        <height>70</height>
        <font>font_medium_bold</font>
        <align>center</align>
        <textcolor>dialog_fg_70</textcolor>
    </include>

    <include name="Dialog_Standard_ListButton">
        <align>left</align>
        <height>66</height>
        <texturenofocus colordiffuse="dialog_fg_12" border="8">common/box.png</texturenofocus>
        <texturefocus colordiffuse="$VAR[ColorHighlight]" border="8">common/box.png</texturefocus>
        <alttexturenofocus colordiffuse="dialog_fg_12" border="8">common/box.png</alttexturenofocus>
        <alttexturefocus colordiffuse="$VAR[ColorHighlight]" border="8">common/box.png</alttexturefocus>
    </include>

    <include name="Dialog_Standard_OkCancel">
        <align>center</align>
        <font>font_button</font>
        <width>300</width>
        <texturenofocus colordiffuse="dialog_fg_12" border="8">common/box.png</texturenofocus>
        <texturefocus colordiffuse="$VAR[ColorHighlight]" border="8">common/box.png</texturefocus>
    </include>

    <include name="Dialog_Standard_OkCancel_GroupList">
        <bottom>20</bottom>
        <left>20</left>
        <right>20</right>
        <align>center</align>
        <itemgap>20</itemgap>
        <orientation>horizontal</orientation>
        <height>66</height>
    </include>

    <include name="Dialog_Standard_HintLabel">
        <top>33</top>
        <height>33</height>
        <font>font_tiny</font>
        <textcolor>dialog_fg_70</textcolor>
    </include>

    <!-- ============ -->
    <!-- Info Dialogs -->
    <!-- ============ -->

    <include name="Dialog_Info_Buttons">
        <width>320</width>
        <font>font_button</font>
        <texturefocus colordiffuse="$VAR[ColorHighlight]" border="5">common/box.png</texturefocus>
        <texturenofocus colordiffuse="dialog_fg_12" border="5">common/box.png</texturenofocus>
    </include>

    <include name="Dialog_Info_Details_Grouplist">
        <left>910</left>
        <right>sidepad</right>
        <top>106</top>
        <orientation>vertical</orientation>
        <usecontrolcoords>true</usecontrolcoords>
    </include>

    <!-- Ok Cancel Progress Yes No Dialog -->
    <include name="Dialog_Confirm">
        <param name="header_id" default="1" />
        <param name="textbox_id" default="9" />
        <param name="header_label" default="" />
        <param name="textbox_label" default="" />
        <definition>
            <centerleft>50%</centerleft>
            <top>360</top>
            <width>900</width>
            <include>Animation_FadeIn_Slide</include>
            <control type="image">
                <left>-46</left>
                <right>-46</right>
                <top>-46</top>
                <height>476</height>
                <bordertexture border="32">common/dark-shadow-24.png</bordertexture>
                <bordersize>24</bordersize>
                <texture border="16" colordiffuse="dialog_bg_100">common/rounded-dialog.png</texture>
            </control>

            <control type="label" id="$PARAM[header_id]">
                <description>Heading</description>
                <left>15</left>
                <right>15</right>
                <height>55</height>
                <font>font_medium_bold</font>
                <align>left</align>
                <label>$PARAM[header_label]</label>
            </control>
            
            <control type="textbox" id="$PARAM[textbox_id]">
                <description>Line 1</description>
                <left>15</left>
                <right>15</right>
                <top>108</top>
                <height>300</height>
                <label>$PARAM[textbox_label]</label>
            </control>
        </definition>
    </include>

    <include name="Dialog_VideoInfo_BusyIndicator">
        <control type="group">
            <top>-50</top>
            <visible>Container($PARAM[id]).IsUpdating</visible>
            <visible>Control.IsVisible($PARAM[id])</visible>
            <visible>!Window.IsVisible(DialogBusy.xml)</visible>
            <include>Animation_FadeIn</include>
            <control type="image">
                <description>Busy animation</description>
                <centerleft>50%</centerleft>
                <centertop>42%</centertop>
                <width>100</width>
                <height>100</height>
                <texture>dialog/loading-back.png</texture>
                <aspectratio>keep</aspectratio>
            </control>
            <control type="group">
                <description>Busy animation</description>
                <centerleft>50%</centerleft>
                <centertop>42%</centertop>
                <width>100</width>
                <height>100</height>
                <animation effect="rotate" condition="true" start="0" end="360" loop="true" time="1000" center="auto">Conditional</animation>
                <control type="image">
                    <texture colordiffuse="$VAR[ColorHighlight]">dialog/loading-spinner.png</texture>
                    <aspectratio>keep</aspectratio>
                </control>
                <control type="image">
                    <texture colordiffuse="$VAR[ColorHighlight2]">dialog/loading-spinner.png</texture>
                    <aspectratio>keep</aspectratio>
                    <animation effect="fade" condition="true" start="0" end="75" pulse="true" time="1000">Conditional</animation>
                </control>
            </control>
            <control type="label">
                <description>Busy label</description>
                <centerleft>50%</centerleft>
                <centertop>58%</centertop>
                <width>720</width>
                <height>108</height>
                <aligny>center</aligny>
                <align>center</align>
                <label>$LOCALIZE[20186]...</label>
                <textcolor>ffededed</textcolor>
            </control>
        </control>
    </include>

    <include name="Dialog_Custom_Content"><content target="$INFO[Window(Home).Property(CustomInfoList.Target)]">$INFO[Window(Home).Property(CustomInfoList.Content)]</content></include>

    <!-- ============== -->
    <!-- Settings Panel -->
    <!-- ============== -->
    <include name="Dialog_Settings_Panel">
        <animation type="WindowOpen" reversible="false" condition="!Window.Previous(SettingsCategory.xml) + !Window.Previous(SkinSettings.xml) + !Window.Previous(SettingsProfile.xml) + !Window.Previous(SettingsSystemInfo.xml)">
            <effect type="fade" start="0" end="100" time="300" tween="sine" easing="out"/>
            <effect type="slide" start="320" end="0" time="400" tween="cubic" easing="out" />
        </animation>
        <animation type="WindowClose" reversible="false" condition="!Window.Next(SettingsCategory.xml) + !Window.Next(SkinSettings.xml) + !Window.Next(SettingsProfile.xml) + !Window.Next(SettingsSystemInfo.xml)">
            <effect type="fade" start="100" end="0" time="300" tween="sine" easing="out" />
            <effect type="slide" start="0" end="320" time="300" tween="cubic" easing="out" />
        </animation>
        <left>0</left>
        <right>0</right>
        <top>view_top</top>
        <bottom>0</bottom>
    </include>
</includes>
